id_oferta,titulo,url_relativa,url_completa,empresa,empresa_url,empresa_rating,ubicacion,modalidad,fecha_publicacion_raw,fecha_publicacion,scrapeado_en,fuente,keyword_busqueda
2E9C1804DA7CAC8F61373E686DCF3405,Senior Python Developer,/ofertas-de-trabajo/oferta-de-trabajo-de-senior-python-developer-remoto-para-residentes-en-argentina-en-monserrat-2E9C1804DA7CAC8F61373E686DCF3405#lc=ListOffers-Score4-0,https://ar.computrabajo.com/ofertas-de-trabajo/oferta-de-trabajo-de-senior-python-developer-remoto-para-residentes-en-argentina-en-monserrat-2E9C1804DA7CAC8F61373E686DCF3405#lc=ListOffers-Score4-0,Kaizen Recursos Humanos,https://ar.computrabajo.com/kaizenrecursoshumanos,4.1,"Monserrat, Capital Federal",Remoto,Hace  4  horas,2025-10-21T16:34:38.101418,2025-10-21T20:34:38.101489,computrabajo,python
A672393EF8DB164061373E686DCF3405,Senior Python Developer,/ofertas-de-trabajo/oferta-de-trabajo-de-senior-python-developer-microcentro-caba-en-monserrat-A672393EF8DB164061373E686DCF3405#lc=ListOffers-Score4-1,https://ar.computrabajo.com/ofertas-de-trabajo/oferta-de-trabajo-de-senior-python-developer-microcentro-caba-en-monserrat-A672393EF8DB164061373E686DCF3405#lc=ListOffers-Score4-1,Kaizen Recursos Humanos,https://ar.computrabajo.com/kaizenrecursoshumanos,4.1,"Monserrat, Capital Federal",Remoto,Hace  5  horas,2025-10-21T15:34:38.101631,2025-10-21T20:34:38.101636,computrabajo,python
C378C311451B8F0A61373E686DCF3405,Senior Python Developer,/ofertas-de-trabajo/oferta-de-trabajo-de-senior-python-developer-microcentro-caba-en-monserrat-C378C311451B8F0A61373E686DCF3405#lc=ListOffers-Score4-2,https://ar.computrabajo.com/ofertas-de-trabajo/oferta-de-trabajo-de-senior-python-developer-microcentro-caba-en-monserrat-C378C311451B8F0A61373E686DCF3405#lc=ListOffers-Score4-2,Kaizen Recursos Humanos,https://ar.computrabajo.com/kaizenrecursoshumanos,4.1,"Monserrat, Capital Federal",Remoto,Hace  7  horas,2025-10-21T13:34:38.101764,2025-10-21T20:34:38.101767,computrabajo,python
8EAEA2668CD8D31D61373E686DCF3405,Ref. 20553: Python Developer,/ofertas-de-trabajo/oferta-de-trabajo-de-ref-20553-python-developer-hibrido-caba-centro-en-balvanera-8EAEA2668CD8D31D61373E686DCF3405#lc=ListOffers-Score4-3,https://ar.computrabajo.com/ofertas-de-trabajo/oferta-de-trabajo-de-ref-20553-python-developer-hibrido-caba-centro-en-balvanera-8EAEA2668CD8D31D61373E686DCF3405#lc=ListOffers-Score4-3,ADN - Recursos Humanos,https://ar.computrabajo.com/empresas/ofertas-de-trabajo-de-adn-recursos-humanos-83C9514433EC04CD,3.6,"Balvanera, Capital Federal",Remoto,Hace  22  horas,2025-10-20T22:34:38.101894,2025-10-21T20:34:38.101902,computrabajo,python
9260F8E9018F530361373E686DCF3405,Senior Python Developer,/ofertas-de-trabajo/oferta-de-trabajo-de-senior-python-developer-remoto-para-residentes-en-argentina-en-monserrat-9260F8E9018F530361373E686DCF3405#lc=ListOffers-Score4-4,https://ar.computrabajo.com/ofertas-de-trabajo/oferta-de-trabajo-de-senior-python-developer-remoto-para-residentes-en-argentina-en-monserrat-9260F8E9018F530361373E686DCF3405#lc=ListOffers-Score4-4,Kaizen Recursos Humanos,https://ar.computrabajo.com/kaizenrecursoshumanos,4.1,"Monserrat, Capital Federal",Remoto,Hace  12  horas,2025-10-21T08:34:38.102016,2025-10-21T20:34:38.102019,computrabajo,python
91ACC46553284C0061373E686DCF3405,Senior Python Developer,/ofertas-de-trabajo/oferta-de-trabajo-de-senior-python-developer-microcentro-caba-en-monserrat-91ACC46553284C0061373E686DCF3405#lc=ListOffers-Score4-5,https://ar.computrabajo.com/ofertas-de-trabajo/oferta-de-trabajo-de-senior-python-developer-microcentro-caba-en-monserrat-91ACC46553284C0061373E686DCF3405#lc=ListOffers-Score4-5,Kaizen Recursos Humanos,https://ar.computrabajo.com/kaizenrecursoshumanos,4.1,"Monserrat, Capital Federal",Remoto,Ayer,2025-10-20T20:34:38.102134,2025-10-21T20:34:38.102136,computrabajo,python
00C289265A27A59661373E686DCF3405,Ref. 20553: Python Developer,/ofertas-de-trabajo/oferta-de-trabajo-de-ref-20553-python-developer-hibrido-caba-centro-en-recoleta-00C289265A27A59661373E686DCF3405#lc=ListOffers-Score4-6,https://ar.computrabajo.com/ofertas-de-trabajo/oferta-de-trabajo-de-ref-20553-python-developer-hibrido-caba-centro-en-recoleta-00C289265A27A59661373E686DCF3405#lc=ListOffers-Score4-6,ADN - Recursos Humanos,https://ar.computrabajo.com/empresas/ofertas-de-trabajo-de-adn-recursos-humanos-83C9514433EC04CD,3.6,"Recoleta, Capital Federal",Remoto,Ayer,2025-10-20T20:34:38.102263,2025-10-21T20:34:38.102265,computrabajo,python
261F976A35CC4BD061373E686DCF3405,Ref. 20621: Desarrollador Python,/ofertas-de-trabajo/oferta-de-trabajo-de-ref-20621-desarrollador-python-hibrido-palermo-caba-en-palermo-261F976A35CC4BD061373E686DCF3405#lc=ListOffers-Score4-7,https://ar.computrabajo.com/ofertas-de-trabajo/oferta-de-trabajo-de-ref-20621-desarrollador-python-hibrido-palermo-caba-en-palermo-261F976A35CC4BD061373E686DCF3405#lc=ListOffers-Score4-7,ADN - Recursos Humanos,https://ar.computrabajo.com/empresas/ofertas-de-trabajo-de-adn-recursos-humanos-83C9514433EC04CD,3.6,"Palermo, Capital Federal",Remoto,Ayer,2025-10-20T20:34:38.102391,2025-10-21T20:34:38.102393,computrabajo,python
B6C5568DB0EA9FA361373E686DCF3405,Ref. 20595: Desarrollador Python Senior,/ofertas-de-trabajo/oferta-de-trabajo-de-ref-20595-desarrollador-python-senior-remoto-en-recoleta-B6C5568DB0EA9FA361373E686DCF3405#lc=ListOffers-Score4-8,https://ar.computrabajo.com/ofertas-de-trabajo/oferta-de-trabajo-de-ref-20595-desarrollador-python-senior-remoto-en-recoleta-B6C5568DB0EA9FA361373E686DCF3405#lc=ListOffers-Score4-8,ADN - Recursos Humanos,https://ar.computrabajo.com/empresas/ofertas-de-trabajo-de-adn-recursos-humanos-83C9514433EC04CD,3.6,"Recoleta, Capital Federal",Remoto,Ayer,2025-10-20T20:34:38.102565,2025-10-21T20:34:38.102568,computrabajo,python
D383E10DA12CC39361373E686DCF3405,Senior Python Developer,/ofertas-de-trabajo/oferta-de-trabajo-de-senior-python-developer-microcentro-caba-en-monserrat-D383E10DA12CC39361373E686DCF3405#lc=ListOffers-Score4-9,https://ar.computrabajo.com/ofertas-de-trabajo/oferta-de-trabajo-de-senior-python-developer-microcentro-caba-en-monserrat-D383E10DA12CC39361373E686DCF3405#lc=ListOffers-Score4-9,Kaizen Recursos Humanos,https://ar.computrabajo.com/kaizenrecursoshumanos,4.1,"Monserrat, Capital Federal",Remoto,Hace  8  horas,2025-10-21T12:34:38.102694,2025-10-21T20:34:38.102697,computrabajo,python
DA36DAE6C61EE55C61373E686DCF3405,Ref. 20553: Python Developer (Python + Unit testing)  / Híbrido CABA Centro,/ofertas-de-trabajo/oferta-de-trabajo-de-ref-20553-python-developer-python-unit-testing--hibrido-caba-centro-en-parque-patricios-DA36DAE6C61EE55C61373E686DCF3405#lc=ListOffers-Score4-10,https://ar.computrabajo.com/ofertas-de-trabajo/oferta-de-trabajo-de-ref-20553-python-developer-python-unit-testing--hibrido-caba-centro-en-parque-patricios-DA36DAE6C61EE55C61373E686DCF3405#lc=ListOffers-Score4-10,ADN - Recursos Humanos,https://ar.computrabajo.com/empresas/ofertas-de-trabajo-de-adn-recursos-humanos-83C9514433EC04CD,3.6,"Parque Patricios, Capital Federal",Remoto,Ayer,2025-10-20T20:34:38.102826,2025-10-21T20:34:38.102827,computrabajo,python
3EDB32C65C536A0A61373E686DCF3405,Arquitecto de Aplicaciones con  Vue js Python,/ofertas-de-trabajo/oferta-de-trabajo-de-arquitecto-de-aplicaciones-con-vue-js-python-importante-empresa-de-tecnologia-en-san-nicolas-3EDB32C65C536A0A61373E686DCF3405#lc=ListOffers-Score4-11,https://ar.computrabajo.com/ofertas-de-trabajo/oferta-de-trabajo-de-arquitecto-de-aplicaciones-con-vue-js-python-importante-empresa-de-tecnologia-en-san-nicolas-3EDB32C65C536A0A61373E686DCF3405#lc=ListOffers-Score4-11,C&S informática s.a.,https://ar.computrabajo.com/cys,4.2,"San Nicolás, Capital Federal",Remoto,Hace  2  días,2025-10-19T20:34:38.102951,2025-10-21T20:34:38.102955,computrabajo,python
4EE976B9710C201261373E686DCF3405,Senior Python Developer,/ofertas-de-trabajo/oferta-de-trabajo-de-senior-python-developer-remoto-para-residentes-en-argentina-en-monserrat-4EE976B9710C201261373E686DCF3405#lc=ListOffers-Score4-12,https://ar.computrabajo.com/ofertas-de-trabajo/oferta-de-trabajo-de-senior-python-developer-remoto-para-residentes-en-argentina-en-monserrat-4EE976B9710C201261373E686DCF3405#lc=ListOffers-Score4-12,Kaizen Recursos Humanos,https://ar.computrabajo.com/kaizenrecursoshumanos,4.1,"Monserrat, Capital Federal",Remoto,Ayer,2025-10-20T20:34:38.103063,2025-10-21T20:34:38.103065,computrabajo,python
CC29E226D3C1ECE361373E686DCF3405,Ref. 20595: Desarrollador Python,/ofertas-de-trabajo/oferta-de-trabajo-de-ref-20595-desarrollador-python-hibrido-caba-centro-en-recoleta-CC29E226D3C1ECE361373E686DCF3405#lc=ListOffers-Score4-13,https://ar.computrabajo.com/ofertas-de-trabajo/oferta-de-trabajo-de-ref-20595-desarrollador-python-hibrido-caba-centro-en-recoleta-CC29E226D3C1ECE361373E686DCF3405#lc=ListOffers-Score4-13,ADN - Recursos Humanos,https://ar.computrabajo.com/empresas/ofertas-de-trabajo-de-adn-recursos-humanos-83C9514433EC04CD,3.6,"Recoleta, Capital Federal",Remoto,Hace  3  días,2025-10-18T20:34:38.103188,2025-10-21T20:34:38.103191,computrabajo,python
5960A9342EA806F261373E686DCF3405,Ref. 20621: Desarrollador Python / Híbrido Palermo CABA,/ofertas-de-trabajo/oferta-de-trabajo-de-ref-20621-desarrollador-python-hibrido-palermo-caba-en-palermo-5960A9342EA806F261373E686DCF3405#lc=ListOffers-Score4-14,https://ar.computrabajo.com/ofertas-de-trabajo/oferta-de-trabajo-de-ref-20621-desarrollador-python-hibrido-palermo-caba-en-palermo-5960A9342EA806F261373E686DCF3405#lc=ListOffers-Score4-14,ADN - Recursos Humanos,https://ar.computrabajo.com/empresas/ofertas-de-trabajo-de-adn-recursos-humanos-83C9514433EC04CD,3.6,"Palermo, Capital Federal",Remoto,Hace  3  días,2025-10-18T20:34:38.103315,2025-10-21T20:34:38.103318,computrabajo,python
34195959DE763EC061373E686DCF3405,Senior Python Developer,/ofertas-de-trabajo/oferta-de-trabajo-de-senior-python-developer-microcentro-caba-en-monserrat-34195959DE763EC061373E686DCF3405#lc=ListOffers-Score4-15,https://ar.computrabajo.com/ofertas-de-trabajo/oferta-de-trabajo-de-senior-python-developer-microcentro-caba-en-monserrat-34195959DE763EC061373E686DCF3405#lc=ListOffers-Score4-15,Kaizen Recursos Humanos,https://ar.computrabajo.com/kaizenrecursoshumanos,4.1,"Monserrat, Capital Federal",Remoto,Ayer,2025-10-20T20:34:38.103434,2025-10-21T20:34:38.103436,computrabajo,python
5867367EAB48BFAF61373E686DCF3405,Senior Python Developer,/ofertas-de-trabajo/oferta-de-trabajo-de-senior-python-developer-remoto-para-residentes-en-argentina-en-monserrat-5867367EAB48BFAF61373E686DCF3405#lc=ListOffers-Score4-16,https://ar.computrabajo.com/ofertas-de-trabajo/oferta-de-trabajo-de-senior-python-developer-remoto-para-residentes-en-argentina-en-monserrat-5867367EAB48BFAF61373E686DCF3405#lc=ListOffers-Score4-16,Kaizen Recursos Humanos,https://ar.computrabajo.com/kaizenrecursoshumanos,4.1,"Monserrat, Capital Federal",Remoto,Ayer,2025-10-20T20:34:38.103545,2025-10-21T20:34:38.103547,computrabajo,python
5E849E545F1F0C8C61373E686DCF3405,Senior Python Developer,/ofertas-de-trabajo/oferta-de-trabajo-de-senior-python-developer-microcentro-caba-en-monserrat-5E849E545F1F0C8C61373E686DCF3405#lc=ListOffers-Score4-17,https://ar.computrabajo.com/ofertas-de-trabajo/oferta-de-trabajo-de-senior-python-developer-microcentro-caba-en-monserrat-5E849E545F1F0C8C61373E686DCF3405#lc=ListOffers-Score4-17,Kaizen Recursos Humanos,https://ar.computrabajo.com/kaizenrecursoshumanos,4.1,"Monserrat, Capital Federal",Remoto,Ayer,2025-10-20T20:34:38.103661,2025-10-21T20:34:38.103662,computrabajo,python
7D4D53E9ABE2710B61373E686DCF3405,Senior Python Developer,/ofertas-de-trabajo/oferta-de-trabajo-de-senior-python-developer-remoto-para-residentes-en-argentina-en-monserrat-7D4D53E9ABE2710B61373E686DCF3405#lc=ListOffers-Score4-18,https://ar.computrabajo.com/ofertas-de-trabajo/oferta-de-trabajo-de-senior-python-developer-remoto-para-residentes-en-argentina-en-monserrat-7D4D53E9ABE2710B61373E686DCF3405#lc=ListOffers-Score4-18,Kaizen Recursos Humanos,https://ar.computrabajo.com/kaizenrecursoshumanos,4.1,"Monserrat, Capital Federal",Remoto,Hace  3  horas,2025-10-21T17:34:38.103768,2025-10-21T20:34:38.103771,computrabajo,python
2497BE189B0EF6EC61373E686DCF3405,Desarrollador Backend  NodeJs y/o Python,/ofertas-de-trabajo/oferta-de-trabajo-de-desarrollador-backend-nodejs-yo-python-en-cordoba-2497BE189B0EF6EC61373E686DCF3405#lc=ListOffers-Score4-19,https://ar.computrabajo.com/ofertas-de-trabajo/oferta-de-trabajo-de-desarrollador-backend-nodejs-yo-python-en-cordoba-2497BE189B0EF6EC61373E686DCF3405#lc=ListOffers-Score4-19,PAGOS360,https://ar.computrabajo.com/pagos-360,,"Córdoba, Córdoba",Remoto,Hace  4  días,2025-10-17T20:34:38.103896,2025-10-21T20:34:38.103900,computrabajo,python
9C7CCB4B29C0F15161373E686DCF3405,Ref. 20553: Python Developer (Python + Unit testing)  / Híbrido CABA Centro,/ofertas-de-trabajo/oferta-de-trabajo-de-ref-20553-python-developer-python-unit-testing--hibrido-caba-centro-en-parque-patricios-9C7CCB4B29C0F15161373E686DCF3405#lc=ListOffers-Score4-0,https://ar.computrabajo.com/ofertas-de-trabajo/oferta-de-trabajo-de-ref-20553-python-developer-python-unit-testing--hibrido-caba-centro-en-parque-patricios-9C7CCB4B29C0F15161373E686DCF3405#lc=ListOffers-Score4-0,ADN - Recursos Humanos,https://ar.computrabajo.com/empresas/ofertas-de-trabajo-de-adn-recursos-humanos-83C9514433EC04CD,3.6,"Parque Patricios, Capital Federal",Remoto,Hace  4  días,2025-10-17T20:34:40.381899,2025-10-21T20:34:40.381910,computrabajo,python
33BF375CD9380A0F61373E686DCF3405,Senior Python Developer,/ofertas-de-trabajo/oferta-de-trabajo-de-senior-python-developer-microcentro-caba-en-monserrat-33BF375CD9380A0F61373E686DCF3405#lc=ListOffers-Score4-1,https://ar.computrabajo.com/ofertas-de-trabajo/oferta-de-trabajo-de-senior-python-developer-microcentro-caba-en-monserrat-33BF375CD9380A0F61373E686DCF3405#lc=ListOffers-Score4-1,Kaizen Recursos Humanos,https://ar.computrabajo.com/kaizenrecursoshumanos,4.1,"Monserrat, Capital Federal",Remoto,Ayer,2025-10-20T20:34:40.382031,2025-10-21T20:34:40.382033,computrabajo,python
C77F9D012B428D5961373E686DCF3405,Ref. 20553: Python Developer (Python + Unit testing)  / Híbrido CABA Centro,/ofertas-de-trabajo/oferta-de-trabajo-de-ref-20553-python-developer-python-unit-testing--hibrido-caba-centro-en-parque-patricios-C77F9D012B428D5961373E686DCF3405#lc=ListOffers-Score4-2,https://ar.computrabajo.com/ofertas-de-trabajo/oferta-de-trabajo-de-ref-20553-python-developer-python-unit-testing--hibrido-caba-centro-en-parque-patricios-C77F9D012B428D5961373E686DCF3405#lc=ListOffers-Score4-2,ADN - Recursos Humanos,https://ar.computrabajo.com/empresas/ofertas-de-trabajo-de-adn-recursos-humanos-83C9514433EC04CD,3.6,"Parque Patricios, Capital Federal",Remoto,Hace  4  días,2025-10-17T20:34:40.382159,2025-10-21T20:34:40.382162,computrabajo,python
71EC52A81384D4FF61373E686DCF3405,Ref. 20621: Desarrollador Python,/ofertas-de-trabajo/oferta-de-trabajo-de-ref-20621-desarrollador-python-hibrido-palermo-caba-en-palermo-71EC52A81384D4FF61373E686DCF3405#lc=ListOffers-Score4-3,https://ar.computrabajo.com/ofertas-de-trabajo/oferta-de-trabajo-de-ref-20621-desarrollador-python-hibrido-palermo-caba-en-palermo-71EC52A81384D4FF61373E686DCF3405#lc=ListOffers-Score4-3,ADN - Recursos Humanos,https://ar.computrabajo.com/empresas/ofertas-de-trabajo-de-adn-recursos-humanos-83C9514433EC04CD,3.6,"Palermo, Capital Federal",Remoto,Hace  5  días,2025-10-16T20:34:40.382295,2025-10-21T20:34:40.382298,computrabajo,python
E31BA6376EA889FF61373E686DCF3405,Senior Python Developer,/ofertas-de-trabajo/oferta-de-trabajo-de-senior-python-developer-remoto-para-residentes-en-argentina-en-monserrat-E31BA6376EA889FF61373E686DCF3405#lc=ListOffers-Score4-4,https://ar.computrabajo.com/ofertas-de-trabajo/oferta-de-trabajo-de-senior-python-developer-remoto-para-residentes-en-argentina-en-monserrat-E31BA6376EA889FF61373E686DCF3405#lc=ListOffers-Score4-4,Kaizen Recursos Humanos,https://ar.computrabajo.com/kaizenrecursoshumanos,4.1,"Monserrat, Capital Federal",Remoto,Hace  2  días,2025-10-19T20:34:40.382405,2025-10-21T20:34:40.382407,computrabajo,python
A2AEBCF7D9BFAB6F61373E686DCF3405,Senior Python Developer,/ofertas-de-trabajo/oferta-de-trabajo-de-senior-python-developer-microcentro-caba-en-monserrat-A2AEBCF7D9BFAB6F61373E686DCF3405#lc=ListOffers-Score4-5,https://ar.computrabajo.com/ofertas-de-trabajo/oferta-de-trabajo-de-senior-python-developer-microcentro-caba-en-monserrat-A2AEBCF7D9BFAB6F61373E686DCF3405#lc=ListOffers-Score4-5,Kaizen Recursos Humanos,https://ar.computrabajo.com/kaizenrecursoshumanos,4.1,"Monserrat, Capital Federal",Remoto,Ayer,2025-10-20T20:34:40.382529,2025-10-21T20:34:40.382531,computrabajo,python
7A6E5731F3EAF7B061373E686DCF3405,Arquitecto backend con  Vue js Python,/ofertas-de-trabajo/oferta-de-trabajo-de-arquitecto-backend-con-vue-js-python-importante-empresa-de-tecnologia-en-san-nicolas-7A6E5731F3EAF7B061373E686DCF3405#lc=ListOffers-Score4-6,https://ar.computrabajo.com/ofertas-de-trabajo/oferta-de-trabajo-de-arquitecto-backend-con-vue-js-python-importante-empresa-de-tecnologia-en-san-nicolas-7A6E5731F3EAF7B061373E686DCF3405#lc=ListOffers-Score4-6,C&S informática s.a.,https://ar.computrabajo.com/cys,4.2,"San Nicolás, Capital Federal",Remoto,Hace  7  días,2025-10-14T20:34:40.382651,2025-10-21T20:34:40.382654,computrabajo,python
9A0CE59D509A84F661373E686DCF3405,Python Tech Lead,/ofertas-de-trabajo/oferta-de-trabajo-de-python-tech-lead-en-palermo-9A0CE59D509A84F661373E686DCF3405#lc=ListOffers-Score4-7,https://ar.computrabajo.com/ofertas-de-trabajo/oferta-de-trabajo-de-python-tech-lead-en-palermo-9A0CE59D509A84F661373E686DCF3405#lc=ListOffers-Score4-7,Fortia RH,https://ar.computrabajo.com/fortia,5.0,"Palermo, Capital Federal",Remoto,Hace  7  días,2025-10-14T20:34:40.382771,2025-10-21T20:34:40.382776,computrabajo,python
62D95963B92944E161373E686DCF3405,Ref. 20621: Desarrollador Python,/ofertas-de-trabajo/oferta-de-trabajo-de-ref-20621-desarrollador-python-hibrido-palermo-caba-en-palermo-62D95963B92944E161373E686DCF3405#lc=ListOffers-Score4-8,https://ar.computrabajo.com/ofertas-de-trabajo/oferta-de-trabajo-de-ref-20621-desarrollador-python-hibrido-palermo-caba-en-palermo-62D95963B92944E161373E686DCF3405#lc=ListOffers-Score4-8,ADN - Recursos Humanos,https://ar.computrabajo.com/empresas/ofertas-de-trabajo-de-adn-recursos-humanos-83C9514433EC04CD,3.6,"Palermo, Capital Federal",Remoto,Hace  7  días,2025-10-14T20:34:40.382898,2025-10-21T20:34:40.382900,computrabajo,python
29AF4B383DCD757661373E686DCF3405,Ref. 20553: Python Developer (Python + Unit testing)  / Híbrido CABA Centro,/ofertas-de-trabajo/oferta-de-trabajo-de-ref-20553-python-developer-python-unit-testing--hibrido-caba-centro-en-parque-patricios-29AF4B383DCD757661373E686DCF3405#lc=ListOffers-Score4-9,https://ar.computrabajo.com/ofertas-de-trabajo/oferta-de-trabajo-de-ref-20553-python-developer-python-unit-testing--hibrido-caba-centro-en-parque-patricios-29AF4B383DCD757661373E686DCF3405#lc=ListOffers-Score4-9,ADN - Recursos Humanos,https://ar.computrabajo.com/empresas/ofertas-de-trabajo-de-adn-recursos-humanos-83C9514433EC04CD,3.6,"Parque Patricios, Capital Federal",Remoto,Hace  5  días,2025-10-16T20:34:40.383023,2025-10-21T20:34:40.383025,computrabajo,python
16ECD095369EB42061373E686DCF3405,Python Tech Lead,/ofertas-de-trabajo/oferta-de-trabajo-de-python-tech-lead-en-cordoba-16ECD095369EB42061373E686DCF3405#lc=ListOffers-Score4-10,https://ar.computrabajo.com/ofertas-de-trabajo/oferta-de-trabajo-de-python-tech-lead-en-cordoba-16ECD095369EB42061373E686DCF3405#lc=ListOffers-Score4-10,Fortia RH,https://ar.computrabajo.com/fortia,5.0,"Córdoba, Córdoba",Remoto,Hace  7  días,2025-10-14T20:34:40.383141,2025-10-21T20:34:40.383143,computrabajo,python
B4DAAE9FBBBD9C4C61373E686DCF3405,Ref. 19395: Python Developer,/ofertas-de-trabajo/oferta-de-trabajo-de-ref-19395-python-developer-hibrido-microcentro-caba-en-san-nicolas-B4DAAE9FBBBD9C4C61373E686DCF3405#lc=ListOffers-Score4-11,https://ar.computrabajo.com/ofertas-de-trabajo/oferta-de-trabajo-de-ref-19395-python-developer-hibrido-microcentro-caba-en-san-nicolas-B4DAAE9FBBBD9C4C61373E686DCF3405#lc=ListOffers-Score4-11,ADN - Recursos Humanos,https://ar.computrabajo.com/empresas/ofertas-de-trabajo-de-adn-recursos-humanos-83C9514433EC04CD,3.6,"San Nicolás, Capital Federal",Remoto,11 de octubre,,2025-10-21T20:34:40.383270,computrabajo,python
C79FD961BFF4AEFD61373E686DCF3405,Senior Python Developer,/ofertas-de-trabajo/oferta-de-trabajo-de-senior-python-developer-microcentro-caba-en-monserrat-C79FD961BFF4AEFD61373E686DCF3405#lc=ListOffers-Score4-12,https://ar.computrabajo.com/ofertas-de-trabajo/oferta-de-trabajo-de-senior-python-developer-microcentro-caba-en-monserrat-C79FD961BFF4AEFD61373E686DCF3405#lc=ListOffers-Score4-12,Kaizen Recursos Humanos,https://ar.computrabajo.com/kaizenrecursoshumanos,4.1,"Monserrat, Capital Federal",Remoto,Hace  1  hora,2025-10-21T19:34:40.383393,2025-10-21T20:34:40.383396,computrabajo,python
8DB69CCE2FF7D5B161373E686DCF3405,Senior Python Developer,/ofertas-de-trabajo/oferta-de-trabajo-de-senior-python-developer-remoto-para-residentes-en-argentina-en-monserrat-8DB69CCE2FF7D5B161373E686DCF3405#lc=ListOffers-Score4-13,https://ar.computrabajo.com/ofertas-de-trabajo/oferta-de-trabajo-de-senior-python-developer-remoto-para-residentes-en-argentina-en-monserrat-8DB69CCE2FF7D5B161373E686DCF3405#lc=ListOffers-Score4-13,Kaizen Recursos Humanos,https://ar.computrabajo.com/kaizenrecursoshumanos,4.1,"Monserrat, Capital Federal",Remoto,Hace  3  días,2025-10-18T20:34:40.383501,2025-10-21T20:34:40.383503,computrabajo,python
5BD33DB1B7E66E8961373E686DCF3405,Senior Python Developer,/ofertas-de-trabajo/oferta-de-trabajo-de-senior-python-developer-microcentro-caba-en-monserrat-5BD33DB1B7E66E8961373E686DCF3405#lc=ListOffers-Score4-14,https://ar.computrabajo.com/ofertas-de-trabajo/oferta-de-trabajo-de-senior-python-developer-microcentro-caba-en-monserrat-5BD33DB1B7E66E8961373E686DCF3405#lc=ListOffers-Score4-14,Kaizen Recursos Humanos,https://ar.computrabajo.com/kaizenrecursoshumanos,4.1,"Monserrat, Capital Federal",Remoto,Hace  3  horas,2025-10-21T17:34:40.383614,2025-10-21T20:34:40.383617,computrabajo,python
C238172F023CFFD361373E686DCF3405,Senior Python Developer,/ofertas-de-trabajo/oferta-de-trabajo-de-senior-python-developer-microcentro-caba-en-monserrat-C238172F023CFFD361373E686DCF3405#lc=ListOffers-Score4-15,https://ar.computrabajo.com/ofertas-de-trabajo/oferta-de-trabajo-de-senior-python-developer-microcentro-caba-en-monserrat-C238172F023CFFD361373E686DCF3405#lc=ListOffers-Score4-15,Kaizen Recursos Humanos,https://ar.computrabajo.com/kaizenrecursoshumanos,4.1,"Monserrat, Capital Federal",Remoto,Hace  2  días,2025-10-19T20:34:40.383736,2025-10-21T20:34:40.383738,computrabajo,python
17B972F98D272AD361373E686DCF3405,Ref. 20553: Python Developer (Python + Unit testing)  / Híbrido CABA Centro,/ofertas-de-trabajo/oferta-de-trabajo-de-ref-20553-python-developer-python-unit-testing--hibrido-caba-centro-en-parque-patricios-17B972F98D272AD361373E686DCF3405#lc=ListOffers-Score4-16,https://ar.computrabajo.com/ofertas-de-trabajo/oferta-de-trabajo-de-ref-20553-python-developer-python-unit-testing--hibrido-caba-centro-en-parque-patricios-17B972F98D272AD361373E686DCF3405#lc=ListOffers-Score4-16,ADN - Recursos Humanos,https://ar.computrabajo.com/empresas/ofertas-de-trabajo-de-adn-recursos-humanos-83C9514433EC04CD,3.6,"Parque Patricios, Capital Federal",Remoto,Hace  5  días,2025-10-16T20:34:40.383860,2025-10-21T20:34:40.383862,computrabajo,python
A5F35F30618350BE61373E686DCF3405,Senior Python Developer,/ofertas-de-trabajo/oferta-de-trabajo-de-senior-python-developer-microcentro-caba-en-monserrat-A5F35F30618350BE61373E686DCF3405#lc=ListOffers-Score4-17,https://ar.computrabajo.com/ofertas-de-trabajo/oferta-de-trabajo-de-senior-python-developer-microcentro-caba-en-monserrat-A5F35F30618350BE61373E686DCF3405#lc=ListOffers-Score4-17,Kaizen Recursos Humanos,https://ar.computrabajo.com/kaizenrecursoshumanos,4.1,"Monserrat, Capital Federal",Remoto,Hace  2  días,2025-10-19T20:34:40.383981,2025-10-21T20:34:40.383985,computrabajo,python
D722FBDF4429F56B61373E686DCF3405,Senior Python Developer,/ofertas-de-trabajo/oferta-de-trabajo-de-senior-python-developer-microcentro-caba-en-monserrat-D722FBDF4429F56B61373E686DCF3405#lc=ListOffers-Score4-18,https://ar.computrabajo.com/ofertas-de-trabajo/oferta-de-trabajo-de-senior-python-developer-microcentro-caba-en-monserrat-D722FBDF4429F56B61373E686DCF3405#lc=ListOffers-Score4-18,Kaizen Recursos Humanos,https://ar.computrabajo.com/kaizenrecursoshumanos,4.1,"Monserrat, Capital Federal",Remoto,Hace  2  días,2025-10-19T20:34:40.384099,2025-10-21T20:34:40.384101,computrabajo,python
8B618580E8BDD94D61373E686DCF3405,"Fullstack Ssr orientado a Backend Python, Django, SQL, Vue js, JS, Html",/ofertas-de-trabajo/oferta-de-trabajo-de-fullstack-ssr-orientado-a-backend-python-django-sql-vue-js-js-html-hibrido-cordoba-en-cordoba-8B618580E8BDD94D61373E686DCF3405#lc=ListOffers-Score4-19,https://ar.computrabajo.com/ofertas-de-trabajo/oferta-de-trabajo-de-fullstack-ssr-orientado-a-backend-python-django-sql-vue-js-js-html-hibrido-cordoba-en-cordoba-8B618580E8BDD94D61373E686DCF3405#lc=ListOffers-Score4-19,FROSSASCO KARINA VIVIANA,https://ar.computrabajo.com/empresas/ofertas-de-trabajo-de-lic-karina-viviana-frossasco-E921BBB4A07A3252,,"Córdoba, Córdoba",Remoto,Más de 30 días,2025-09-21T20:34:40.384215,2025-10-21T20:34:40.384218,computrabajo,python
91764476D792EE0461373E686DCF3405,Freelance Java,/ofertas-de-trabajo/oferta-de-trabajo-de-freelance-java-en-monserrat-91764476D792EE0461373E686DCF3405#lc=ListOffers-Score4-0,https://ar.computrabajo.com/ofertas-de-trabajo/oferta-de-trabajo-de-freelance-java-en-monserrat-91764476D792EE0461373E686DCF3405#lc=ListOffers-Score4-0,Itrio,https://ar.computrabajo.com/itrio,4.3,"Monserrat, Capital Federal",Remoto,Hace  16  horas,2025-10-21T04:34:45.682478,2025-10-21T20:34:45.682491,computrabajo,java
076E4DB898F171B861373E686DCF3405,Ref. 20616: Desarrolladores Java ingles avanzado,/ofertas-de-trabajo/oferta-de-trabajo-de-ref-20616-desarrolladores-java-ingles-avanzado-hibrido-caba-centro-en-recoleta-076E4DB898F171B861373E686DCF3405#lc=ListOffers-Score4-1,https://ar.computrabajo.com/ofertas-de-trabajo/oferta-de-trabajo-de-ref-20616-desarrolladores-java-ingles-avanzado-hibrido-caba-centro-en-recoleta-076E4DB898F171B861373E686DCF3405#lc=ListOffers-Score4-1,ADN - Recursos Humanos,https://ar.computrabajo.com/empresas/ofertas-de-trabajo-de-adn-recursos-humanos-83C9514433EC04CD,3.6,"Recoleta, Capital Federal",Remoto,Ayer,2025-10-20T20:34:45.682624,2025-10-21T20:34:45.682627,computrabajo,java
E37625A8BF4C26B461373E686DCF3405,Desarrollador java,/ofertas-de-trabajo/oferta-de-trabajo-de-desarrollador-java-en-retiro-E37625A8BF4C26B461373E686DCF3405#lc=ListOffers-Score4-2,https://ar.computrabajo.com/ofertas-de-trabajo/oferta-de-trabajo-de-desarrollador-java-en-retiro-E37625A8BF4C26B461373E686DCF3405#lc=ListOffers-Score4-2,AMERICA VIRTUAL S.A.,https://ar.computrabajo.com/empresas/ofertas-de-trabajo-de-america-virtual-DD728BE9D960ED9C,,"Retiro, Capital Federal",Remoto,Ayer,2025-10-20T20:34:45.682746,2025-10-21T20:34:45.682748,computrabajo,java
EB5E8B09A515453861373E686DCF3405,"Desarrollador FullStack NodeJs, JavaScript, Java",/ofertas-de-trabajo/oferta-de-trabajo-de-desarrollador-fullstack-nodejs-javascript-java-hibrido-munro-prov-bs-as-en-munro-EB5E8B09A515453861373E686DCF3405#lc=ListOffers-Score4-3,https://ar.computrabajo.com/ofertas-de-trabajo/oferta-de-trabajo-de-desarrollador-fullstack-nodejs-javascript-java-hibrido-munro-prov-bs-as-en-munro-EB5E8B09A515453861373E686DCF3405#lc=ListOffers-Score4-3,ADN - Recursos Humanos,https://ar.computrabajo.com/empresas/ofertas-de-trabajo-de-adn-recursos-humanos-83C9514433EC04CD,3.6,"Munro, Buenos Aires",Remoto,Ayer,2025-10-20T20:34:45.682879,2025-10-21T20:34:45.682881,computrabajo,java
848955B09EAF3E0361373E686DCF3405,Ref. 19325: Java Full Stack,/ofertas-de-trabajo/oferta-de-trabajo-de-ref-19325-java-full-stack-hibrido-villa-urquiza-caba-en-villa-urquiza-848955B09EAF3E0361373E686DCF3405#lc=ListOffers-Score4-4,https://ar.computrabajo.com/ofertas-de-trabajo/oferta-de-trabajo-de-ref-19325-java-full-stack-hibrido-villa-urquiza-caba-en-villa-urquiza-848955B09EAF3E0361373E686DCF3405#lc=ListOffers-Score4-4,ADN - Recursos Humanos,https://ar.computrabajo.com/empresas/ofertas-de-trabajo-de-adn-recursos-humanos-83C9514433EC04CD,3.6,"Villa Urquiza, Capital Federal",Remoto,Ayer,2025-10-20T20:34:45.683008,2025-10-21T20:34:45.683009,computrabajo,java
CBD45B39CDAE429A61373E686DCF3405,Ref. 20348: Desarrollador Sr Full Stack (Java o .NET) con experiencia en Kafka,/ofertas-de-trabajo/oferta-de-trabajo-de-ref-20348-desarrollador-sr-full-stack-java-o-net-con-experiencia-en-kafka-remota-argentina-en-mar-del-plata-CBD45B39CDAE429A61373E686DCF3405#lc=ListOffers-Score4-5,https://ar.computrabajo.com/ofertas-de-trabajo/oferta-de-trabajo-de-ref-20348-desarrollador-sr-full-stack-java-o-net-con-experiencia-en-kafka-remota-argentina-en-mar-del-plata-CBD45B39CDAE429A61373E686DCF3405#lc=ListOffers-Score4-5,ADN - Recursos Humanos,https://ar.computrabajo.com/empresas/ofertas-de-trabajo-de-adn-recursos-humanos-83C9514433EC04CD,3.6,"Mar del Plata, Buenos Aires",Remoto,Ayer,2025-10-20T20:34:45.683126,2025-10-21T20:34:45.683129,computrabajo,java
5A7C65D9301E22AB61373E686DCF3405,Ref. 19923: Tech Leader Angular Java,/ofertas-de-trabajo/oferta-de-trabajo-de-ref-19923-tech-leader-angular-java-hibrido-caba-centro-en-recoleta-5A7C65D9301E22AB61373E686DCF3405#lc=ListOffers-Score4-6,https://ar.computrabajo.com/ofertas-de-trabajo/oferta-de-trabajo-de-ref-19923-tech-leader-angular-java-hibrido-caba-centro-en-recoleta-5A7C65D9301E22AB61373E686DCF3405#lc=ListOffers-Score4-6,ADN - Recursos Humanos,https://ar.computrabajo.com/empresas/ofertas-de-trabajo-de-adn-recursos-humanos-83C9514433EC04CD,3.6,"Recoleta, Capital Federal",Remoto,Ayer,2025-10-20T20:34:45.683259,2025-10-21T20:34:45.683260,computrabajo,java
A95930838742CAF161373E686DCF3405,Desarrollador JAVA Junior,/ofertas-de-trabajo/oferta-de-trabajo-de-desarrollador-java-junior-en-villa-martelli-A95930838742CAF161373E686DCF3405#lc=ListOffers-Score4-7,https://ar.computrabajo.com/ofertas-de-trabajo/oferta-de-trabajo-de-desarrollador-java-junior-en-villa-martelli-A95930838742CAF161373E686DCF3405#lc=ListOffers-Score4-7,JPH Lions,https://ar.computrabajo.com/empresas/ofertas-de-trabajo-de-jph-lions-E981EBC567277DCD,,"Villa Martelli, Buenos Aires-GBA",,Ayer,2025-10-20T20:34:45.683363,2025-10-21T20:34:45.683364,computrabajo,java
5E0A78D0746C601C61373E686DCF3405,Ref. 20616: Desarrolladores Java,/ofertas-de-trabajo/oferta-de-trabajo-de-ref-20616-desarrolladores-java-ingles-avanzado-caba-centro-en-recoleta-5E0A78D0746C601C61373E686DCF3405#lc=ListOffers-Score4-8,https://ar.computrabajo.com/ofertas-de-trabajo/oferta-de-trabajo-de-ref-20616-desarrolladores-java-ingles-avanzado-caba-centro-en-recoleta-5E0A78D0746C601C61373E686DCF3405#lc=ListOffers-Score4-8,ADN - Recursos Humanos,https://ar.computrabajo.com/empresas/ofertas-de-trabajo-de-adn-recursos-humanos-83C9514433EC04CD,3.6,"Recoleta, Capital Federal",Remoto,Ayer,2025-10-20T20:34:45.683493,2025-10-21T20:34:45.683495,computrabajo,java
1922117E7E5F108D61373E686DCF3405,Ref. 20616: Desarrolladores Java/ React,/ofertas-de-trabajo/oferta-de-trabajo-de-ref-20616-desarrolladores-java-react-ingles-avanzado-caba-centro-en-recoleta-1922117E7E5F108D61373E686DCF3405#lc=ListOffers-Score4-9,https://ar.computrabajo.com/ofertas-de-trabajo/oferta-de-trabajo-de-ref-20616-desarrolladores-java-react-ingles-avanzado-caba-centro-en-recoleta-1922117E7E5F108D61373E686DCF3405#lc=ListOffers-Score4-9,ADN - Recursos Humanos,https://ar.computrabajo.com/empresas/ofertas-de-trabajo-de-adn-recursos-humanos-83C9514433EC04CD,3.6,"Recoleta, Capital Federal",Remoto,Ayer,2025-10-20T20:34:45.683623,2025-10-21T20:34:45.683624,computrabajo,java
441D618A9332D6A261373E686DCF3405,"Ref. 19545: Solution Engineer (Java, React, Node, JavaScript u otros)",/ofertas-de-trabajo/oferta-de-trabajo-de-ref-19545-solution-engineer-java-react-node-javascript-u-otros-hibrido-centro-en-san-nicolas-441D618A9332D6A261373E686DCF3405#lc=ListOffers-Score4-10,https://ar.computrabajo.com/ofertas-de-trabajo/oferta-de-trabajo-de-ref-19545-solution-engineer-java-react-node-javascript-u-otros-hibrido-centro-en-san-nicolas-441D618A9332D6A261373E686DCF3405#lc=ListOffers-Score4-10,ADN - Recursos Humanos,https://ar.computrabajo.com/empresas/ofertas-de-trabajo-de-adn-recursos-humanos-83C9514433EC04CD,3.6,"San Nicolás, Capital Federal",Remoto,Hace  2  días,2025-10-19T20:34:45.683750,2025-10-21T20:34:45.683754,computrabajo,java
F0018BCDCD390F0C61373E686DCF3405,Ref. 19951: Desarrolllador Phyton + Java Developer,/ofertas-de-trabajo/oferta-de-trabajo-de-ref-19951-desarrolllador-phyton-java-developer-hibrido-caba-parque-patricios-en-parque-patricios-F0018BCDCD390F0C61373E686DCF3405#lc=ListOffers-Score4-11,https://ar.computrabajo.com/ofertas-de-trabajo/oferta-de-trabajo-de-ref-19951-desarrolllador-phyton-java-developer-hibrido-caba-parque-patricios-en-parque-patricios-F0018BCDCD390F0C61373E686DCF3405#lc=ListOffers-Score4-11,ADN - Recursos Humanos,https://ar.computrabajo.com/empresas/ofertas-de-trabajo-de-adn-recursos-humanos-83C9514433EC04CD,3.6,"Parque Patricios, Capital Federal",Remoto,Hace  2  días,2025-10-19T20:34:45.683880,2025-10-21T20:34:45.683883,computrabajo,java
D4B8E07BFBA33EEC61373E686DCF3405,Ref. 20616: Desarrolladores Java React ingles avanzado,/ofertas-de-trabajo/oferta-de-trabajo-de-ref-20616-desarrolladores-java-react-ingles-avanzado-hibrido-caba-centro-en-recoleta-D4B8E07BFBA33EEC61373E686DCF3405#lc=ListOffers-Score4-12,https://ar.computrabajo.com/ofertas-de-trabajo/oferta-de-trabajo-de-ref-20616-desarrolladores-java-react-ingles-avanzado-hibrido-caba-centro-en-recoleta-D4B8E07BFBA33EEC61373E686DCF3405#lc=ListOffers-Score4-12,ADN - Recursos Humanos,https://ar.computrabajo.com/empresas/ofertas-de-trabajo-de-adn-recursos-humanos-83C9514433EC04CD,3.6,"Recoleta, Capital Federal",Remoto,Hace  3  días,2025-10-18T20:34:45.684015,2025-10-21T20:34:45.684017,computrabajo,java
77B321F91B47927261373E686DCF3405,Desarrollador Backend JAVA,/ofertas-de-trabajo/oferta-de-trabajo-de-desarrollador-backend-java-en-cordoba-77B321F91B47927261373E686DCF3405#lc=ListOffers-Score4-13,https://ar.computrabajo.com/ofertas-de-trabajo/oferta-de-trabajo-de-desarrollador-backend-java-en-cordoba-77B321F91B47927261373E686DCF3405#lc=ListOffers-Score4-13,PAGOS360,https://ar.computrabajo.com/pagos-360,,"Córdoba, Córdoba",Remoto,Hace  3  días,2025-10-18T20:34:45.684133,2025-10-21T20:34:45.684135,computrabajo,java
28F5ABD8CA534F1C61373E686DCF3405,Ref. 20616: Desarrolladores Java React inglés avanzado / CABA Centro  / 3 vacantes,/ofertas-de-trabajo/oferta-de-trabajo-de-ref-20616-desarrolladores-java-react-ingles-avanzado-caba-centro--3-vacantes-en-parque-patricios-28F5ABD8CA534F1C61373E686DCF3405#lc=ListOffers-Score4-14,https://ar.computrabajo.com/ofertas-de-trabajo/oferta-de-trabajo-de-ref-20616-desarrolladores-java-react-ingles-avanzado-caba-centro--3-vacantes-en-parque-patricios-28F5ABD8CA534F1C61373E686DCF3405#lc=ListOffers-Score4-14,ADN - Recursos Humanos,https://ar.computrabajo.com/empresas/ofertas-de-trabajo-de-adn-recursos-humanos-83C9514433EC04CD,3.6,"Parque Patricios, Capital Federal",Remoto,Hace  4  días,2025-10-17T20:34:45.684263,2025-10-21T20:34:45.684266,computrabajo,java
ECAF84A9D580B03A61373E686DCF3405,Desarrollador Java Sr,/ofertas-de-trabajo/oferta-de-trabajo-de-desarrollador-java-sr-en-retiro-ECAF84A9D580B03A61373E686DCF3405#lc=ListOffers-Score4-15,https://ar.computrabajo.com/ofertas-de-trabajo/oferta-de-trabajo-de-desarrollador-java-sr-en-retiro-ECAF84A9D580B03A61373E686DCF3405#lc=ListOffers-Score4-15,Ecosistemas,https://ar.computrabajo.com/ecosistemas,4.1,"Retiro, Capital Federal",Remoto,Hace  4  días,2025-10-17T20:34:45.684382,2025-10-21T20:34:45.684385,computrabajo,java
CCC93FAEDF11201A61373E686DCF3405,Ref. 20616: Desarrolladores Java o React ingles avanzado,/ofertas-de-trabajo/oferta-de-trabajo-de-ref-20616-desarrolladores-java-o-react-ingles-avanzado-hibrido-caba-centro-en-recoleta-CCC93FAEDF11201A61373E686DCF3405#lc=ListOffers-Score4-16,https://ar.computrabajo.com/ofertas-de-trabajo/oferta-de-trabajo-de-ref-20616-desarrolladores-java-o-react-ingles-avanzado-hibrido-caba-centro-en-recoleta-CCC93FAEDF11201A61373E686DCF3405#lc=ListOffers-Score4-16,ADN - Recursos Humanos,https://ar.computrabajo.com/empresas/ofertas-de-trabajo-de-adn-recursos-humanos-83C9514433EC04CD,3.6,"Recoleta, Capital Federal",Remoto,Hace  4  días,2025-10-17T20:34:45.684603,2025-10-21T20:34:45.684619,computrabajo,java
1ADBA90DB3B7955F61373E686DCF3405,Desarrollador Java Senior,/ofertas-de-trabajo/oferta-de-trabajo-de-desarrollador-java-senior-en-san-nicolas-1ADBA90DB3B7955F61373E686DCF3405#lc=ListOffers-Score4-17,https://ar.computrabajo.com/ofertas-de-trabajo/oferta-de-trabajo-de-desarrollador-java-senior-en-san-nicolas-1ADBA90DB3B7955F61373E686DCF3405#lc=ListOffers-Score4-17,C&S informática s.a.,https://ar.computrabajo.com/cys,4.2,"San Nicolás, Capital Federal",Remoto,Hace  4  días,2025-10-17T20:34:45.684761,2025-10-21T20:34:45.684764,computrabajo,java
5AFD0FDA327ADFC061373E686DCF3405,Desarrollador Java (versiones 6 y 21 excluyentes),/ofertas-de-trabajo/oferta-de-trabajo-de-desarrollador-java-versiones-6-y-21-excluyentes-en-san-nicolas-5AFD0FDA327ADFC061373E686DCF3405#lc=ListOffers-Score4-18,https://ar.computrabajo.com/ofertas-de-trabajo/oferta-de-trabajo-de-desarrollador-java-versiones-6-y-21-excluyentes-en-san-nicolas-5AFD0FDA327ADFC061373E686DCF3405#lc=ListOffers-Score4-18,C&S informática s.a.,https://ar.computrabajo.com/cys,4.2,"San Nicolás, Capital Federal",Remoto,Hace  4  días,2025-10-17T20:34:45.684888,2025-10-21T20:34:45.684891,computrabajo,java
CA93B3224473D5E861373E686DCF3405,Ref. 20616: Desarrolladores Java,/ofertas-de-trabajo/oferta-de-trabajo-de-ref-20616-desarrolladores-java-ingles-avanzado-caba-centro-en-recoleta-CA93B3224473D5E861373E686DCF3405#lc=ListOffers-Score4-19,https://ar.computrabajo.com/ofertas-de-trabajo/oferta-de-trabajo-de-ref-20616-desarrolladores-java-ingles-avanzado-caba-centro-en-recoleta-CA93B3224473D5E861373E686DCF3405#lc=ListOffers-Score4-19,ADN - Recursos Humanos,https://ar.computrabajo.com/empresas/ofertas-de-trabajo-de-adn-recursos-humanos-83C9514433EC04CD,3.6,"Recoleta, Capital Federal",Remoto,Hace  4  días,2025-10-17T20:34:45.685025,2025-10-21T20:34:45.685027,computrabajo,java
CC5B0C2D20F437EB61373E686DCF3405,Java Developer,/ofertas-de-trabajo/oferta-de-trabajo-de-java-developer-semisenior-o-senior-en-parque-patricios-CC5B0C2D20F437EB61373E686DCF3405#lc=ListOffers-Score4-0,https://ar.computrabajo.com/ofertas-de-trabajo/oferta-de-trabajo-de-java-developer-semisenior-o-senior-en-parque-patricios-CC5B0C2D20F437EB61373E686DCF3405#lc=ListOffers-Score4-0,Nexion Solutions S.A.,https://ar.computrabajo.com/nexion-solutions-sa-de-cv,,"Parque Patricios, Capital Federal",Remoto,Hace  5  días,2025-10-16T20:34:47.988282,2025-10-21T20:34:47.988292,computrabajo,java
967C14F949B59F7561373E686DCF3405,Ref. 20616: Desarrolladores Java o React ingles avanzado,/ofertas-de-trabajo/oferta-de-trabajo-de-ref-20616-desarrolladores-java-o-react-ingles-avanzado-hibrido-caba-centro-en-recoleta-967C14F949B59F7561373E686DCF3405#lc=ListOffers-Score4-1,https://ar.computrabajo.com/ofertas-de-trabajo/oferta-de-trabajo-de-ref-20616-desarrolladores-java-o-react-ingles-avanzado-hibrido-caba-centro-en-recoleta-967C14F949B59F7561373E686DCF3405#lc=ListOffers-Score4-1,ADN - Recursos Humanos,https://ar.computrabajo.com/empresas/ofertas-de-trabajo-de-adn-recursos-humanos-83C9514433EC04CD,3.6,"Recoleta, Capital Federal",Remoto,Hace  4  días,2025-10-17T20:34:47.988428,2025-10-21T20:34:47.988432,computrabajo,java
54821C1BB66B9A8061373E686DCF3405,Ref 5711 Desarrollador JAVA J2EE Senior,/ofertas-de-trabajo/oferta-de-trabajo-de-ref-5711-desarrollador-java-j2ee-senior-mas-de-5-anos-de-experiencia-en-posicion-similar-en-monserrat-54821C1BB66B9A8061373E686DCF3405#lc=ListOffers-Score4-2,https://ar.computrabajo.com/ofertas-de-trabajo/oferta-de-trabajo-de-ref-5711-desarrollador-java-j2ee-senior-mas-de-5-anos-de-experiencia-en-posicion-similar-en-monserrat-54821C1BB66B9A8061373E686DCF3405#lc=ListOffers-Score4-2,IMPLEMENTAR Consultores  SRL,https://ar.computrabajo.com/implementar,4.0,"Monserrat, Capital Federal",Remoto,Hace  6  días,2025-10-15T20:34:47.988545,2025-10-21T20:34:47.988548,computrabajo,java
AB283E05CBFAA97061373E686DCF3405,Desarrolladores Java,/ofertas-de-trabajo/oferta-de-trabajo-de-desarrolladores-java-en-san-nicolas-AB283E05CBFAA97061373E686DCF3405#lc=ListOffers-Score4-3,https://ar.computrabajo.com/ofertas-de-trabajo/oferta-de-trabajo-de-desarrolladores-java-en-san-nicolas-AB283E05CBFAA97061373E686DCF3405#lc=ListOffers-Score4-3,C&S informática s.a.,https://ar.computrabajo.com/cys,4.2,"San Nicolás, Capital Federal",Remoto,Hace  6  días,2025-10-15T20:34:47.988668,2025-10-21T20:34:47.988671,computrabajo,java
2CA2497B1BB38FFE61373E686DCF3405,Desarrollador java Senior,/ofertas-de-trabajo/oferta-de-trabajo-de-desarrollador-java-senior-en-san-nicolas-2CA2497B1BB38FFE61373E686DCF3405#lc=ListOffers-Score4-4,https://ar.computrabajo.com/ofertas-de-trabajo/oferta-de-trabajo-de-desarrollador-java-senior-en-san-nicolas-2CA2497B1BB38FFE61373E686DCF3405#lc=ListOffers-Score4-4,C&S informática s.a.,https://ar.computrabajo.com/cys,4.2,"San Nicolás, Capital Federal",Remoto,Hace  6  días,2025-10-15T20:34:47.988797,2025-10-21T20:34:47.988800,computrabajo,java
BDAE2622E45DF13861373E686DCF3405,Desarrollador JAVA Senior,/ofertas-de-trabajo/oferta-de-trabajo-de-desarrollador-java-senior-en-san-nicolas-BDAE2622E45DF13861373E686DCF3405#lc=ListOffers-Score4-5,https://ar.computrabajo.com/ofertas-de-trabajo/oferta-de-trabajo-de-desarrollador-java-senior-en-san-nicolas-BDAE2622E45DF13861373E686DCF3405#lc=ListOffers-Score4-5,C&S informática s.a.,https://ar.computrabajo.com/cys,4.2,"San Nicolás, Capital Federal",Remoto,Hace  7  días,2025-10-14T20:34:47.988912,2025-10-21T20:34:47.988917,computrabajo,java
7157C74E90200EE961373E686DCF3405,Desarrollador Java Senior,/ofertas-de-trabajo/oferta-de-trabajo-de-desarrollador-java-senior-en-san-nicolas-7157C74E90200EE961373E686DCF3405#lc=ListOffers-Score4-6,https://ar.computrabajo.com/ofertas-de-trabajo/oferta-de-trabajo-de-desarrollador-java-senior-en-san-nicolas-7157C74E90200EE961373E686DCF3405#lc=ListOffers-Score4-6,C&S informática s.a.,https://ar.computrabajo.com/cys,4.2,"San Nicolás, Capital Federal",Remoto,Hace  7  días,2025-10-14T20:34:47.989032,2025-10-21T20:34:47.989034,computrabajo,java
877F8DB03E9FEECB61373E686DCF3405,Desarrollador java Senior,/ofertas-de-trabajo/oferta-de-trabajo-de-desarrollador-java-senior-en-san-nicolas-877F8DB03E9FEECB61373E686DCF3405#lc=ListOffers-Score4-7,https://ar.computrabajo.com/ofertas-de-trabajo/oferta-de-trabajo-de-desarrollador-java-senior-en-san-nicolas-877F8DB03E9FEECB61373E686DCF3405#lc=ListOffers-Score4-7,C&S informática s.a.,https://ar.computrabajo.com/cys,4.2,"San Nicolás, Capital Federal",Remoto,Hace  7  días,2025-10-14T20:34:47.989148,2025-10-21T20:34:47.989151,computrabajo,java
58FE63F022C1BC7C61373E686DCF3405,Ref. 20616: Desarrolladores Java o React ingles avanzado,/ofertas-de-trabajo/oferta-de-trabajo-de-ref-20616-desarrolladores-java-o-react-ingles-avanzado-hibrido-caba-centro-en-recoleta-58FE63F022C1BC7C61373E686DCF3405#lc=ListOffers-Score4-8,https://ar.computrabajo.com/ofertas-de-trabajo/oferta-de-trabajo-de-ref-20616-desarrolladores-java-o-react-ingles-avanzado-hibrido-caba-centro-en-recoleta-58FE63F022C1BC7C61373E686DCF3405#lc=ListOffers-Score4-8,ADN - Recursos Humanos,https://ar.computrabajo.com/empresas/ofertas-de-trabajo-de-adn-recursos-humanos-83C9514433EC04CD,3.6,"Recoleta, Capital Federal",Remoto,Hace  4  días,2025-10-17T20:34:47.989278,2025-10-21T20:34:47.989281,computrabajo,java
278238A12BCE278061373E686DCF3405,Desarrollador Java Semi Senior,/ofertas-de-trabajo/oferta-de-trabajo-de-desarrollador-java-semi-senior-en-san-nicolas-278238A12BCE278061373E686DCF3405#lc=ListOffers-Score4-9,https://ar.computrabajo.com/ofertas-de-trabajo/oferta-de-trabajo-de-desarrollador-java-semi-senior-en-san-nicolas-278238A12BCE278061373E686DCF3405#lc=ListOffers-Score4-9,C&S informática s.a.,https://ar.computrabajo.com/cys,4.2,"San Nicolás, Capital Federal",Remoto,Hace  7  días,2025-10-14T20:34:47.989390,2025-10-21T20:34:47.989392,computrabajo,java
1B33D1838F35948161373E686DCF3405,Ref. 20616: Desarrolladores Java,/ofertas-de-trabajo/oferta-de-trabajo-de-ref-20616-desarrolladores-java-ingles-avanzado-caba-centro-en-recoleta-1B33D1838F35948161373E686DCF3405#lc=ListOffers-Score4-10,https://ar.computrabajo.com/ofertas-de-trabajo/oferta-de-trabajo-de-ref-20616-desarrolladores-java-ingles-avanzado-caba-centro-en-recoleta-1B33D1838F35948161373E686DCF3405#lc=ListOffers-Score4-10,ADN - Recursos Humanos,https://ar.computrabajo.com/empresas/ofertas-de-trabajo-de-adn-recursos-humanos-83C9514433EC04CD,3.6,"Recoleta, Capital Federal",Remoto,Hace  5  días,2025-10-16T20:34:47.989518,2025-10-21T20:34:47.989521,computrabajo,java
D6DD8FC7421802A361373E686DCF3405,Ref. 20616: Desarrolladores Java ingles avanzado,/ofertas-de-trabajo/oferta-de-trabajo-de-ref-20616-desarrolladores-java-ingles-avanzado-hibrido-caba-centro-en-recoleta-D6DD8FC7421802A361373E686DCF3405#lc=ListOffers-Score4-11,https://ar.computrabajo.com/ofertas-de-trabajo/oferta-de-trabajo-de-ref-20616-desarrolladores-java-ingles-avanzado-hibrido-caba-centro-en-recoleta-D6DD8FC7421802A361373E686DCF3405#lc=ListOffers-Score4-11,ADN - Recursos Humanos,https://ar.computrabajo.com/empresas/ofertas-de-trabajo-de-adn-recursos-humanos-83C9514433EC04CD,3.6,"Recoleta, Capital Federal",Remoto,Hace  7  días,2025-10-14T20:34:47.989649,2025-10-21T20:34:47.989652,computrabajo,java
F89B966BC126AA5161373E686DCF3405,Ref. 20616: Desarrolladores Java,/ofertas-de-trabajo/oferta-de-trabajo-de-ref-20616-desarrolladores-java-ingles-avanzado-caba-centro-en-recoleta-F89B966BC126AA5161373E686DCF3405#lc=ListOffers-Score4-12,https://ar.computrabajo.com/ofertas-de-trabajo/oferta-de-trabajo-de-ref-20616-desarrolladores-java-ingles-avanzado-caba-centro-en-recoleta-F89B966BC126AA5161373E686DCF3405#lc=ListOffers-Score4-12,ADN - Recursos Humanos,https://ar.computrabajo.com/empresas/ofertas-de-trabajo-de-adn-recursos-humanos-83C9514433EC04CD,3.6,"Recoleta, Capital Federal",Remoto,Hace  5  días,2025-10-16T20:34:47.989778,2025-10-21T20:34:47.989781,computrabajo,java
2BE550FD2913E71561373E686DCF3405,Ref. 20616: Desarrolladores Java,/ofertas-de-trabajo/oferta-de-trabajo-de-ref-20616-desarrolladores-java-ingles-avanzado-caba-centro-en-recoleta-2BE550FD2913E71561373E686DCF3405#lc=ListOffers-Score4-13,https://ar.computrabajo.com/ofertas-de-trabajo/oferta-de-trabajo-de-ref-20616-desarrolladores-java-ingles-avanzado-caba-centro-en-recoleta-2BE550FD2913E71561373E686DCF3405#lc=ListOffers-Score4-13,ADN - Recursos Humanos,https://ar.computrabajo.com/empresas/ofertas-de-trabajo-de-adn-recursos-humanos-83C9514433EC04CD,3.6,"Recoleta, Capital Federal",Remoto,Hace  6  días,2025-10-15T20:34:47.989906,2025-10-21T20:34:47.989909,computrabajo,java
1D30A6565698192361373E686DCF3405,Desarrollador/a Backend Java Semi Senior,/ofertas-de-trabajo/oferta-de-trabajo-de-desarrolladora-backend-java-semi-senior-modalidad-hibrida-beneficios-en-cordoba-1D30A6565698192361373E686DCF3405#lc=ListOffers-Score4-14,https://ar.computrabajo.com/ofertas-de-trabajo/oferta-de-trabajo-de-desarrolladora-backend-java-semi-senior-modalidad-hibrida-beneficios-en-cordoba-1D30A6565698192361373E686DCF3405#lc=ListOffers-Score4-14,BOX,https://ar.computrabajo.com/empresas/ofertas-de-trabajo-de-box-7940712D1EA33C60,3.9,"Córdoba, Córdoba",Remoto,Más de 30 días,2025-09-21T20:34:47.990038,2025-10-21T20:34:47.990042,computrabajo,java
AFA1AE2381BCCDF661373E686DCF3405,Desarrollador Java,/ofertas-de-trabajo/oferta-de-trabajo-de-desarrollador-java-hibrido-en-monserrat-AFA1AE2381BCCDF661373E686DCF3405#lc=ListOffers-Score4-15,https://ar.computrabajo.com/ofertas-de-trabajo/oferta-de-trabajo-de-desarrollador-java-hibrido-en-monserrat-AFA1AE2381BCCDF661373E686DCF3405#lc=ListOffers-Score4-15,Niztech,https://ar.computrabajo.com/empresas/ofertas-de-trabajo-de-niztech--65DBE9736F144758,,"Monserrat, Capital Federal",Remoto,Más de 30 días,2025-09-21T20:34:47.990164,2025-10-21T20:34:47.990168,computrabajo,java
642E516C93CDAA3861373E686DCF3405,Ref. 20609: Programador .Net,/ofertas-de-trabajo/oferta-de-trabajo-de-ref-20609-programador-net-belgrano-caba-en-belgrano-642E516C93CDAA3861373E686DCF3405#lc=ListOffers-Score3-16,https://ar.computrabajo.com/ofertas-de-trabajo/oferta-de-trabajo-de-ref-20609-programador-net-belgrano-caba-en-belgrano-642E516C93CDAA3861373E686DCF3405#lc=ListOffers-Score3-16,ADN - Recursos Humanos,https://ar.computrabajo.com/empresas/ofertas-de-trabajo-de-adn-recursos-humanos-83C9514433EC04CD,3.6,"Belgrano, Capital Federal",,Hace  1  hora,2025-10-21T19:34:47.990289,2025-10-21T20:34:47.990293,computrabajo,java
381546C9EB1358E561373E686DCF3405,Desarrollador FullStack .Net Sr,/ofertas-de-trabajo/oferta-de-trabajo-de-desarrollador-fullstack-net-sr-en-retiro-381546C9EB1358E561373E686DCF3405#lc=ListOffers-Score3-17,https://ar.computrabajo.com/ofertas-de-trabajo/oferta-de-trabajo-de-desarrollador-fullstack-net-sr-en-retiro-381546C9EB1358E561373E686DCF3405#lc=ListOffers-Score3-17,Ecosistemas,https://ar.computrabajo.com/ecosistemas,4.1,"Retiro, Capital Federal",Remoto,Hace  3  horas,2025-10-21T17:34:47.990402,2025-10-21T20:34:47.990404,computrabajo,java
07622FF0A7DCB2EB61373E686DCF3405,Líder Técnico de Desarrollo IA // Proyectos Bancarios,/ofertas-de-trabajo/oferta-de-trabajo-de-lider-tecnico-de-desarrollo-ia-proyectos-bancarios-microcentro-caba-en-monserrat-07622FF0A7DCB2EB61373E686DCF3405#lc=ListOffers-Score3-18,https://ar.computrabajo.com/ofertas-de-trabajo/oferta-de-trabajo-de-lider-tecnico-de-desarrollo-ia-proyectos-bancarios-microcentro-caba-en-monserrat-07622FF0A7DCB2EB61373E686DCF3405#lc=ListOffers-Score3-18,Kaizen Recursos Humanos,https://ar.computrabajo.com/kaizenrecursoshumanos,4.1,"Monserrat, Capital Federal",Remoto,Hace  4  horas,2025-10-21T16:34:47.990529,2025-10-21T20:34:47.990532,computrabajo,java
A4D137DD9AD7A92361373E686DCF3405,Analista programador,/ofertas-de-trabajo/oferta-de-trabajo-de-analista-programador-en-parque-patricios-A4D137DD9AD7A92361373E686DCF3405#lc=ListOffers-Score3-19,https://ar.computrabajo.com/ofertas-de-trabajo/oferta-de-trabajo-de-analista-programador-en-parque-patricios-A4D137DD9AD7A92361373E686DCF3405#lc=ListOffers-Score3-19,,,,"Parque Patricios, Capital Federal",,Hace  9  horas,2025-10-21T11:34:47.990628,2025-10-21T20:34:47.990630,computrabajo,java
4E0141D47AD366D961373E686DCF3405,Vendedor automóviles,/ofertas-de-trabajo/oferta-de-trabajo-de-vendedor-automoviles-venta-de-automoviles-financiados-en-moron-4E0141D47AD366D961373E686DCF3405#lc=ListOffers-Score4-0,https://ar.computrabajo.com/ofertas-de-trabajo/oferta-de-trabajo-de-vendedor-automoviles-venta-de-automoviles-financiados-en-moron-4E0141D47AD366D961373E686DCF3405#lc=ListOffers-Score4-0,One car solution,https://ar.computrabajo.com/empresas/ofertas-de-trabajo-de-one-car-solution-2089C85498126739,,"Morón, Buenos Aires-GBA",,Hace  3  horas,2025-10-21T17:34:53.268961,2025-10-21T20:34:53.268973,computrabajo,ventas
A197C7BDEF09C2B961373E686DCF3405,Ejecutivo/a De Ventas,/ofertas-de-trabajo/oferta-de-trabajo-de-ejecutivoa-de-ventas-en-rio-gallegos-A197C7BDEF09C2B961373E686DCF3405#lc=ListOffers-Score4-1,https://ar.computrabajo.com/ofertas-de-trabajo/oferta-de-trabajo-de-ejecutivoa-de-ventas-en-rio-gallegos-A197C7BDEF09C2B961373E686DCF3405#lc=ListOffers-Score4-1,Randstad Argentina,https://ar.computrabajo.com/randstad,4.4,"Río Gallegos, Santa Cruz",Remoto,Hace  3  horas,2025-10-21T17:34:53.269107,2025-10-21T20:34:53.269110,computrabajo,ventas
52C01EBEB726CF8861373E686DCF3405,Jefe de ventas,/ofertas-de-trabajo/oferta-de-trabajo-de-jefe-de-ventas-en-palermo-52C01EBEB726CF8861373E686DCF3405#lc=ListOffers-Score4-2,https://ar.computrabajo.com/ofertas-de-trabajo/oferta-de-trabajo-de-jefe-de-ventas-en-palermo-52C01EBEB726CF8861373E686DCF3405#lc=ListOffers-Score4-2,Nexo Group,https://ar.computrabajo.com/nexogroup,4.3,"Palermo, Capital Federal",,Hace  3  horas,2025-10-21T17:34:53.269223,2025-10-21T20:34:53.269226,computrabajo,ventas
78AA0FD4A06539A561373E686DCF3405,Vendedores para ventas consultivas,/ofertas-de-trabajo/oferta-de-trabajo-de-vendedores-para-ventas-consultivas-en-cordoba-78AA0FD4A06539A561373E686DCF3405#lc=ListOffers-Score4-3,https://ar.computrabajo.com/ofertas-de-trabajo/oferta-de-trabajo-de-vendedores-para-ventas-consultivas-en-cordoba-78AA0FD4A06539A561373E686DCF3405#lc=ListOffers-Score4-3,Nexo Group,https://ar.computrabajo.com/nexogroup,4.3,"Córdoba, Córdoba",,Hace  3  horas,2025-10-21T17:34:53.269344,2025-10-21T20:34:53.269347,computrabajo,ventas
12A630024C8C3F5161373E686DCF3405,ingeniero de ventas,/ofertas-de-trabajo/oferta-de-trabajo-de-ingeniero-de-ventas-excluyente-formacion-universitaria-en-ingenieria-en-san-lorenzo-12A630024C8C3F5161373E686DCF3405#lc=ListOffers-Score4-4,https://ar.computrabajo.com/ofertas-de-trabajo/oferta-de-trabajo-de-ingeniero-de-ventas-excluyente-formacion-universitaria-en-ingenieria-en-san-lorenzo-12A630024C8C3F5161373E686DCF3405#lc=ListOffers-Score4-4,BALDOMA EVELINA NATALIA,https://ar.computrabajo.com/empresas/ofertas-de-trabajo-de-makerhuman-D7EAF95814C54247,,"San Lorenzo, Santa Fe",Remoto,Hace  4  horas,2025-10-21T16:34:53.269457,2025-10-21T20:34:53.269460,computrabajo,ventas
31768D32358D558361373E686DCF3405,Empleado de Marketing y Comunicación,/ofertas-de-trabajo/oferta-de-trabajo-de-empleado-de-marketing-y-comunicacion-experiencia-en-ventas-on-line-en-moreno-31768D32358D558361373E686DCF3405#lc=ListOffers-Score4-5,https://ar.computrabajo.com/ofertas-de-trabajo/oferta-de-trabajo-de-empleado-de-marketing-y-comunicacion-experiencia-en-ventas-on-line-en-moreno-31768D32358D558361373E686DCF3405#lc=ListOffers-Score4-5,LIDERAZGO +,https://ar.computrabajo.com/empresas/ofertas-de-trabajo-de-liderazgo--D36392F777783F95,,"Moreno, Buenos Aires-GBA",,Hace  4  horas,2025-10-21T16:34:53.269574,2025-10-21T20:34:53.269576,computrabajo,ventas
9674F22759AA9E7261373E686DCF3405,Asesor Comercial,/ofertas-de-trabajo/oferta-de-trabajo-de-asesor-comercial-con-experiencia-en-venta-en-terreno-en-mendoza-9674F22759AA9E7261373E686DCF3405#lc=ListOffers-Score4-6,https://ar.computrabajo.com/ofertas-de-trabajo/oferta-de-trabajo-de-asesor-comercial-con-experiencia-en-venta-en-terreno-en-mendoza-9674F22759AA9E7261373E686DCF3405#lc=ListOffers-Score4-6,FERREYRA DAGA AGUSTIN,https://ar.computrabajo.com/empresas/ofertas-de-trabajo-de-adt-406E4547885B5368,,"Mendoza, Mendoza",,Hace  4  horas,2025-10-21T16:34:53.269672,2025-10-21T20:34:53.269675,computrabajo,ventas
93C458C0D7ADA97D61373E686DCF3405,Asesor/a call center ventas,/ofertas-de-trabajo/oferta-de-trabajo-de-asesora-call-center-ventas-trabajo-remoto-en-mendoza-93C458C0D7ADA97D61373E686DCF3405#lc=ListOffers-Score4-7,https://ar.computrabajo.com/ofertas-de-trabajo/oferta-de-trabajo-de-asesora-call-center-ventas-trabajo-remoto-en-mendoza-93C458C0D7ADA97D61373E686DCF3405#lc=ListOffers-Score4-7,FERREYRA DAGA AGUSTIN,https://ar.computrabajo.com/empresas/ofertas-de-trabajo-de-adt-406E4547885B5368,,"Mendoza, Mendoza",Remoto,Hace  4  horas,2025-10-21T16:34:53.269776,2025-10-21T20:34:53.269778,computrabajo,ventas
738CEA481B8FA09E61373E686DCF3405,Ejecutivo de ventas,/ofertas-de-trabajo/oferta-de-trabajo-de-ejecutivo-de-ventas-jornada-parcial-en-mar-del-plata-738CEA481B8FA09E61373E686DCF3405#lc=ListOffers-Score4-8,https://ar.computrabajo.com/ofertas-de-trabajo/oferta-de-trabajo-de-ejecutivo-de-ventas-jornada-parcial-en-mar-del-plata-738CEA481B8FA09E61373E686DCF3405#lc=ListOffers-Score4-8,ATLANTICA RED DE SERVICIOS,https://ar.computrabajo.com/empresas/ofertas-de-trabajo-de-atlantica-red-de-servicios-AB16C480ABE439A6,,"Mar del Plata, Buenos Aires",,Hace  4  horas,2025-10-21T16:34:53.269891,2025-10-21T20:34:53.269894,computrabajo,ventas
9C330CBD28FA7AE961373E686DCF3405,Administrativo/a de facturación y ventas,/ofertas-de-trabajo/oferta-de-trabajo-de-administrativoa-de-facturacion-y-ventas-en-lomas-de-zamora-9C330CBD28FA7AE961373E686DCF3405#lc=ListOffers-Score4-9,https://ar.computrabajo.com/ofertas-de-trabajo/oferta-de-trabajo-de-administrativoa-de-facturacion-y-ventas-en-lomas-de-zamora-9C330CBD28FA7AE961373E686DCF3405#lc=ListOffers-Score4-9,Adecco Argentina S.A.,https://ar.computrabajo.com/adecco,4.3,"Lomas de Zamora, Buenos Aires-GBA",,Hace  5  horas,2025-10-21T15:34:53.270006,2025-10-21T20:34:53.270009,computrabajo,ventas
C0032B27E3CD7DD761373E686DCF3405,Líder de Ventas para Distribuidora,/ofertas-de-trabajo/oferta-de-trabajo-de-lider-de-ventas-para-distribuidora-zona-caba-en-parque-avellaneda-C0032B27E3CD7DD761373E686DCF3405#lc=ListOffers-Score4-10,https://ar.computrabajo.com/ofertas-de-trabajo/oferta-de-trabajo-de-lider-de-ventas-para-distribuidora-zona-caba-en-parque-avellaneda-C0032B27E3CD7DD761373E686DCF3405#lc=ListOffers-Score4-10,AVS People Solutions,https://ar.computrabajo.com/avspeople,,"Parque Avellaneda, Capital Federal",,Hace  6  horas,2025-10-21T14:34:53.270112,2025-10-21T20:34:53.270114,computrabajo,ventas
5FF9AE1DAE9F936A61373E686DCF3405,Jefe de Ventas,/ofertas-de-trabajo/oferta-de-trabajo-de-jefe-de-ventas-en-salta-5FF9AE1DAE9F936A61373E686DCF3405#lc=ListOffers-Score4-11,https://ar.computrabajo.com/ofertas-de-trabajo/oferta-de-trabajo-de-jefe-de-ventas-en-salta-5FF9AE1DAE9F936A61373E686DCF3405#lc=ListOffers-Score4-11,Brucke Talentos,https://ar.computrabajo.com/empresas/ofertas-de-trabajo-de-beework-s-r-l-81BFC5EBE92DB92C,,"Salta, Salta",,Hace  6  horas,2025-10-21T14:34:53.270214,2025-10-21T20:34:53.270216,computrabajo,ventas
F60EC9683D59706561373E686DCF3405,"Ref. 20655 Supervisora de ventas de planes de ahorro. CABA,centro",/ofertas-de-trabajo/oferta-de-trabajo-de-ref-20655-supervisora-de-ventas-de-planes-de-ahorro-cabacentro-caba-centro-en-san-nicolas-F60EC9683D59706561373E686DCF3405#lc=ListOffers-Score4-12,https://ar.computrabajo.com/ofertas-de-trabajo/oferta-de-trabajo-de-ref-20655-supervisora-de-ventas-de-planes-de-ahorro-cabacentro-caba-centro-en-san-nicolas-F60EC9683D59706561373E686DCF3405#lc=ListOffers-Score4-12,ADN - Recursos Humanos,https://ar.computrabajo.com/empresas/ofertas-de-trabajo-de-adn-recursos-humanos-83C9514433EC04CD,3.6,"San Nicolás, Capital Federal",,Hace  7  horas,2025-10-21T13:34:53.270339,2025-10-21T20:34:53.270341,computrabajo,ventas
60F773CD836ED5D361373E686DCF3405,Supervisor de ventas,/ofertas-de-trabajo/oferta-de-trabajo-de-supervisor-de-ventas-lider-de-equipo-comercial-en-recoleta-60F773CD836ED5D361373E686DCF3405#lc=ListOffers-Score4-13,https://ar.computrabajo.com/ofertas-de-trabajo/oferta-de-trabajo-de-supervisor-de-ventas-lider-de-equipo-comercial-en-recoleta-60F773CD836ED5D361373E686DCF3405#lc=ListOffers-Score4-13,,,,"Recoleta, Capital Federal",Remoto,Hace  7  horas,2025-10-21T13:34:53.270459,2025-10-21T20:34:53.270462,computrabajo,ventas
808909626A9D8D9E61373E686DCF3405,Vendedor con experiencia en venta de calle/zona y venta en frio,/ofertas-de-trabajo/oferta-de-trabajo-de-vendedor-con-experiencia-en-venta-de-callezona-y-venta-en-frio-para-venta-de-billetera-virtual-y-posnet-en-recoleta-808909626A9D8D9E61373E686DCF3405#lc=ListOffers-Score4-14,https://ar.computrabajo.com/ofertas-de-trabajo/oferta-de-trabajo-de-vendedor-con-experiencia-en-venta-de-callezona-y-venta-en-frio-para-venta-de-billetera-virtual-y-posnet-en-recoleta-808909626A9D8D9E61373E686DCF3405#lc=ListOffers-Score4-14,EVOLUTION MEDICAL SERVICES S.A.,https://ar.computrabajo.com/empresas/ofertas-de-trabajo-de-evolution-medical-services-sa-7B6DFAA8F5DE26AA,,"Recoleta, Capital Federal",Remoto,Hace  7  horas,2025-10-21T13:34:53.270579,2025-10-21T20:34:53.270581,computrabajo,ventas
C2FCE954225FFE8861373E686DCF3405,Asesor de ventas (linea directa),/ofertas-de-trabajo/oferta-de-trabajo-de-asesor-de-ventas-linea-directa-concesionario-en-cordoba-C2FCE954225FFE8861373E686DCF3405#lc=ListOffers-Score4-15,https://ar.computrabajo.com/ofertas-de-trabajo/oferta-de-trabajo-de-asesor-de-ventas-linea-directa-concesionario-en-cordoba-C2FCE954225FFE8861373E686DCF3405#lc=ListOffers-Score4-15,Adecco Argentina S.A.,https://ar.computrabajo.com/adecco,4.3,"Córdoba, Córdoba",,Hace  7  horas,2025-10-21T13:34:53.270691,2025-10-21T20:34:53.270693,computrabajo,ventas
0472F6C330DDEBDD61373E686DCF3405,Administrativo/a de ventas,/ofertas-de-trabajo/oferta-de-trabajo-de-administrativoa-de-ventas-cordoba-zona-norte-en-cordoba-0472F6C330DDEBDD61373E686DCF3405#lc=ListOffers-Score4-16,https://ar.computrabajo.com/ofertas-de-trabajo/oferta-de-trabajo-de-administrativoa-de-ventas-cordoba-zona-norte-en-cordoba-0472F6C330DDEBDD61373E686DCF3405#lc=ListOffers-Score4-16,Consultores de Empresas,https://ar.computrabajo.com/consultoresdeempresas,4.2,"Córdoba, Córdoba",,Hace  7  horas,2025-10-21T13:34:53.270809,2025-10-21T20:34:53.270812,computrabajo,ventas
9B2A24CBFC86F3BE61373E686DCF3405,Zonal de Ventas,/ofertas-de-trabajo/oferta-de-trabajo-de-zonal-de-ventas-baic-importadora-en-saavedra-9B2A24CBFC86F3BE61373E686DCF3405#lc=ListOffers-Score4-17,https://ar.computrabajo.com/ofertas-de-trabajo/oferta-de-trabajo-de-zonal-de-ventas-baic-importadora-en-saavedra-9B2A24CBFC86F3BE61373E686DCF3405#lc=ListOffers-Score4-17,PARISSI NURIA LUDMILA,https://ar.computrabajo.com/empresas/ofertas-de-trabajo-de-parissi-nuria-ludmila-1249B2FF8695800B,,"Saavedra, Capital Federal",,Hace  8  horas,2025-10-21T12:34:53.270907,2025-10-21T20:34:53.270910,computrabajo,ventas
1C9493B99395E52061373E686DCF3405,Supervisor de Ventas,/ofertas-de-trabajo/oferta-de-trabajo-de-supervisor-de-ventas-consumo-masivo-en-resistencia-1C9493B99395E52061373E686DCF3405#lc=ListOffers-Score4-18,https://ar.computrabajo.com/ofertas-de-trabajo/oferta-de-trabajo-de-supervisor-de-ventas-consumo-masivo-en-resistencia-1C9493B99395E52061373E686DCF3405#lc=ListOffers-Score4-18,REDCOM,https://ar.computrabajo.com/empresas/ofertas-de-trabajo-de-redcom-DFA361E3967A88EA,,"Resistencia, Chaco",,Hace  9  horas,2025-10-21T11:34:53.271012,2025-10-21T20:34:53.271015,computrabajo,ventas
B048F302F1F06CC761373E686DCF3405,administrador ventas,/ofertas-de-trabajo/oferta-de-trabajo-de-administrador-ventas-mayoristas-en-rosario-B048F302F1F06CC761373E686DCF3405#lc=ListOffers-Score4-19,https://ar.computrabajo.com/ofertas-de-trabajo/oferta-de-trabajo-de-administrador-ventas-mayoristas-en-rosario-B048F302F1F06CC761373E686DCF3405#lc=ListOffers-Score4-19,CATERING GOURMET SRL,https://ar.computrabajo.com/empresas/ofertas-de-trabajo-de-catering-gourmet-srl-03D0C3C794AC9C5F,3.9,"Rosario, Santa Fe",,Hace  9  horas,2025-10-21T11:34:53.271135,2025-10-21T20:34:53.271137,computrabajo,ventas
F7DF991A2532E7F461373E686DCF3405,Líder ventas web,/ofertas-de-trabajo/oferta-de-trabajo-de-lider-ventas-web-en-capitan-bermudez-F7DF991A2532E7F461373E686DCF3405#lc=ListOffers-Score4-0,https://ar.computrabajo.com/ofertas-de-trabajo/oferta-de-trabajo-de-lider-ventas-web-en-capitan-bermudez-F7DF991A2532E7F461373E686DCF3405#lc=ListOffers-Score4-0,Monumental Hogar,https://ar.computrabajo.com/empresas/ofertas-de-trabajo-de-monumental-hogar-739C04053269261E,,"Capitán Bermúdez, Santa Fe",,Hace  9  horas,2025-10-21T11:34:55.566129,2025-10-21T20:34:55.566141,computrabajo,ventas
53940C57A7AE731661373E686DCF3405,Consultor/a de Ventas BYD – Stand Shopping,/ofertas-de-trabajo/oferta-de-trabajo-de-asesora-de-experiencia-byd-stand-shopping-en-martinez-53940C57A7AE731661373E686DCF3405#lc=ListOffers-Score4-1,https://ar.computrabajo.com/ofertas-de-trabajo/oferta-de-trabajo-de-asesora-de-experiencia-byd-stand-shopping-en-martinez-53940C57A7AE731661373E686DCF3405#lc=ListOffers-Score4-1,DIETRICH,https://ar.computrabajo.com/dietrich,,"Martínez, Buenos Aires-GBA",,Hace  9  horas,2025-10-21T11:34:55.566257,2025-10-21T20:34:55.566260,computrabajo,ventas
8CC481BF418657E561373E686DCF3405,Atencion al publico/venta y caja,/ofertas-de-trabajo/oferta-de-trabajo-de-atencion-al-publicoventa-y-caja-full-time-en-gral-roca-8CC481BF418657E561373E686DCF3405#lc=ListOffers-Score4-2,https://ar.computrabajo.com/ofertas-de-trabajo/oferta-de-trabajo-de-atencion-al-publicoventa-y-caja-full-time-en-gral-roca-8CC481BF418657E561373E686DCF3405#lc=ListOffers-Score4-2,CREDIL SRL,https://ar.computrabajo.com/empresas/ofertas-de-trabajo-de-credil-srl-51A3B6BC311632BF,,"Gral. Roca, Río Negro",,Hace  9  horas,2025-10-21T11:34:55.566373,2025-10-21T20:34:55.566375,computrabajo,ventas
05911BF27B0AACC261373E686DCF3405,Buscamos personal para empresa de ventas en caba,/ofertas-de-trabajo/oferta-de-trabajo-de-buscamos-personal-para-empresa-de-ventas-en-caba-full-time-con-o-sin-experiencia-en-villa-del-parque-05911BF27B0AACC261373E686DCF3405#lc=ListOffers-Score4-3,https://ar.computrabajo.com/ofertas-de-trabajo/oferta-de-trabajo-de-buscamos-personal-para-empresa-de-ventas-en-caba-full-time-con-o-sin-experiencia-en-villa-del-parque-05911BF27B0AACC261373E686DCF3405#lc=ListOffers-Score4-3,Buenos Aires Cars sas,https://ar.computrabajo.com/empresas/ofertas-de-trabajo-de-buenos-aires-cars-sas-28B133364F19A4F2,,"Villa del Parque, Capital Federal",,Hace  9  horas,2025-10-21T11:34:55.566481,2025-10-21T20:34:55.566484,computrabajo,ventas
8F3DF090D2C29A5E61373E686DCF3405,Ejecutivo Comercial de Ventas Consultivas,/ofertas-de-trabajo/oferta-de-trabajo-de-ejecutivo-comercial-de-ventas-consultivas-la-plata-en-la-plata-8F3DF090D2C29A5E61373E686DCF3405#lc=ListOffers-Score4-4,https://ar.computrabajo.com/ofertas-de-trabajo/oferta-de-trabajo-de-ejecutivo-comercial-de-ventas-consultivas-la-plata-en-la-plata-8F3DF090D2C29A5E61373E686DCF3405#lc=ListOffers-Score4-4,Grupo Randazzo,https://ar.computrabajo.com/gruporandazzo,3.9,"La Plata, Buenos Aires",,Hace  8  horas,2025-10-21T12:34:55.566602,2025-10-21T20:34:55.566605,computrabajo,ventas
C8CCED839187E73961373E686DCF3405,Asesora de Ventas,/ofertas-de-trabajo/oferta-de-trabajo-de-asesora-de-ventas-tiendas-kika-refuerzos-temporales-en-cordoba-C8CCED839187E73961373E686DCF3405#lc=ListOffers-Score4-5,https://ar.computrabajo.com/ofertas-de-trabajo/oferta-de-trabajo-de-asesora-de-ventas-tiendas-kika-refuerzos-temporales-en-cordoba-C8CCED839187E73961373E686DCF3405#lc=ListOffers-Score4-5,KIKA,https://ar.computrabajo.com/empresas/ofertas-de-trabajo-de-kika-58E0C5393627880B,4.1,"Córdoba, Córdoba",,Hace  9  horas,2025-10-21T11:34:55.566720,2025-10-21T20:34:55.566722,computrabajo,ventas
2E464BEBC8E201E261373E686DCF3405,REF 990: Ejecutivo de Ventas de Asistencia al Viajero,/ofertas-de-trabajo/oferta-de-trabajo-de-ref-990-ejecutivo-de-ventas-de-asistencia-al-viajero-ciudad-de-buenos-aires-en-puerto-madero-2E464BEBC8E201E261373E686DCF3405#lc=ListOffers-Score4-6,https://ar.computrabajo.com/ofertas-de-trabajo/oferta-de-trabajo-de-ref-990-ejecutivo-de-ventas-de-asistencia-al-viajero-ciudad-de-buenos-aires-en-puerto-madero-2E464BEBC8E201E261373E686DCF3405#lc=ListOffers-Score4-6,Lectus - Soluciones en RRHH,https://ar.computrabajo.com/lectus,,"Puerto Madero, Capital Federal",,Hace  8  horas,2025-10-21T12:34:55.566822,2025-10-21T20:34:55.566825,computrabajo,ventas
AF8E92056B2E52FC61373E686DCF3405,REF 977: Ejecutivo de Ventas de Asistencia al Viajero,/ofertas-de-trabajo/oferta-de-trabajo-de-ref-977-ejecutivo-de-ventas-de-asistencia-al-viajero-en-cordoba-AF8E92056B2E52FC61373E686DCF3405#lc=ListOffers-Score4-7,https://ar.computrabajo.com/ofertas-de-trabajo/oferta-de-trabajo-de-ref-977-ejecutivo-de-ventas-de-asistencia-al-viajero-en-cordoba-AF8E92056B2E52FC61373E686DCF3405#lc=ListOffers-Score4-7,Lectus - Soluciones en RRHH,https://ar.computrabajo.com/lectus,,"Córdoba, Córdoba",,Hace  8  horas,2025-10-21T12:34:55.566929,2025-10-21T20:34:55.566931,computrabajo,ventas
D99761022CD7057861373E686DCF3405,Encargado/a,/ofertas-de-trabajo/oferta-de-trabajo-de-encargadoa-salon-de-ventas-en-resistencia-D99761022CD7057861373E686DCF3405#lc=ListOffers-Score4-8,https://ar.computrabajo.com/ofertas-de-trabajo/oferta-de-trabajo-de-encargadoa-salon-de-ventas-en-resistencia-D99761022CD7057861373E686DCF3405#lc=ListOffers-Score4-8,LANCBRO S. A. S,https://ar.computrabajo.com/empresas/ofertas-de-trabajo-de-bacan-tienda-de-mascotas-08C83F82B1256ECE,,"Resistencia, Chaco",,Hace  10  horas,2025-10-21T10:34:55.567032,2025-10-21T20:34:55.567035,computrabajo,ventas
602F144EB625208B61373E686DCF3405,Ejecutivo de Ventas Técnicas para Empresa Internacional de Ascensores,/ofertas-de-trabajo/oferta-de-trabajo-de-ejecutivo-de-ventas-tecnicas-para-empresa-internacional-de-ascensores-en-san-cristobal-602F144EB625208B61373E686DCF3405#lc=ListOffers-Score4-9,https://ar.computrabajo.com/ofertas-de-trabajo/oferta-de-trabajo-de-ejecutivo-de-ventas-tecnicas-para-empresa-internacional-de-ascensores-en-san-cristobal-602F144EB625208B61373E686DCF3405#lc=ListOffers-Score4-9,MS Coach Sandoval,https://ar.computrabajo.com/mscoach,2.9,"San Cristóbal, Capital Federal",,Hace  11  horas,2025-10-21T09:34:55.567145,2025-10-21T20:34:55.567148,computrabajo,ventas
4460F9B55BCB1D4F61373E686DCF3405,Telemarketers para venta de seguros y productos financieros,/ofertas-de-trabajo/oferta-de-trabajo-de-telemarketers-para-venta-de-seguros-y-productos-financieros-en-san-nicolas-4460F9B55BCB1D4F61373E686DCF3405#lc=ListOffers-Score4-10,https://ar.computrabajo.com/ofertas-de-trabajo/oferta-de-trabajo-de-telemarketers-para-venta-de-seguros-y-productos-financieros-en-san-nicolas-4460F9B55BCB1D4F61373E686DCF3405#lc=ListOffers-Score4-10,Cat-Technologies,https://ar.computrabajo.com/cattechnologies,3.9,"San Nicolás, Capital Federal",,Hace  11  horas,2025-10-21T09:34:55.567264,2025-10-21T20:34:55.567266,computrabajo,ventas
84B1D520D61DB04D61373E686DCF3405,Asesora de ventas Ushuaia  Todomoda Isadora,/ofertas-de-trabajo/oferta-de-trabajo-de-asesora-de-ventas-ushuaia-todomoda-isadora-en-ushuaia-84B1D520D61DB04D61373E686DCF3405#lc=ListOffers-Score4-11,https://ar.computrabajo.com/ofertas-de-trabajo/oferta-de-trabajo-de-asesora-de-ventas-ushuaia-todomoda-isadora-en-ushuaia-84B1D520D61DB04D61373E686DCF3405#lc=ListOffers-Score4-11,Blue Star Group,https://ar.computrabajo.com/bluestar group,4.4,"Ushuaia, Tierra del Fuego",,Hace  11  horas,2025-10-21T09:34:55.567386,2025-10-21T20:34:55.567389,computrabajo,ventas
1B4AEA404C42DFED61373E686DCF3405,Asesoras de ventas Bahía Blanca  Isadora/Todomoda,/ofertas-de-trabajo/oferta-de-trabajo-de-asesoras-de-ventas-bahia-blanca-isadoratodomoda-todomoda-isadora-en-bahia-blanca-1B4AEA404C42DFED61373E686DCF3405#lc=ListOffers-Score4-12,https://ar.computrabajo.com/ofertas-de-trabajo/oferta-de-trabajo-de-asesoras-de-ventas-bahia-blanca-isadoratodomoda-todomoda-isadora-en-bahia-blanca-1B4AEA404C42DFED61373E686DCF3405#lc=ListOffers-Score4-12,Blue Star Group,https://ar.computrabajo.com/bluestar group,4.4,"Bahía Blanca, Buenos Aires",,Hace  12  horas,2025-10-21T08:34:55.567502,2025-10-21T20:34:55.567505,computrabajo,ventas
2E1722466202A01F61373E686DCF3405,back office ventas (vendedor interno),/ofertas-de-trabajo/oferta-de-trabajo-de-back-office-ventas-vendedor-interno-z-capital-federal-en-nueva-pompeya-2E1722466202A01F61373E686DCF3405#lc=ListOffers-Score4-13,https://ar.computrabajo.com/ofertas-de-trabajo/oferta-de-trabajo-de-back-office-ventas-vendedor-interno-z-capital-federal-en-nueva-pompeya-2E1722466202A01F61373E686DCF3405#lc=ListOffers-Score4-13,Grupo Servicemen,https://ar.computrabajo.com/gruposervicemen,4.0,"Nueva Pompeya, Capital Federal",,Hace  12  horas,2025-10-21T08:34:55.567619,2025-10-21T20:34:55.567622,computrabajo,ventas
C1BA5CDD1D7353F861373E686DCF3405,"Analista de ventas, estudiante o próximo a graduarse con muy buen manejo de Excel",/ofertas-de-trabajo/oferta-de-trabajo-de-analista-de-ventas-estudiante-o-proximo-a-graduarse-con-muy-buen-manejo-de-excel-zona-garin-en-garin-C1BA5CDD1D7353F861373E686DCF3405#lc=ListOffers-Score4-14,https://ar.computrabajo.com/ofertas-de-trabajo/oferta-de-trabajo-de-analista-de-ventas-estudiante-o-proximo-a-graduarse-con-muy-buen-manejo-de-excel-zona-garin-en-garin-C1BA5CDD1D7353F861373E686DCF3405#lc=ListOffers-Score4-14,Con Mor SRL,https://ar.computrabajo.com/conmorsrl,3.9,"Garín, Buenos Aires",,Hace  12  horas,2025-10-21T08:34:55.567727,2025-10-21T20:34:55.567730,computrabajo,ventas
E3472530E1642DC161373E686DCF3405,"Agentes de venta Bilingües Francés, Italiano, Portugués",/ofertas-de-trabajo/oferta-de-trabajo-de-agentes-de-venta-bilingues-frances-italiano-portugues-atencion-al-cliente-en-nunez-E3472530E1642DC161373E686DCF3405#lc=ListOffers-Score4-15,https://ar.computrabajo.com/ofertas-de-trabajo/oferta-de-trabajo-de-agentes-de-venta-bilingues-frances-italiano-portugues-atencion-al-cliente-en-nunez-E3472530E1642DC161373E686DCF3405#lc=ListOffers-Score4-15,,,,"Núñez, Capital Federal",,Hace  12  horas,2025-10-21T08:34:55.567834,2025-10-21T20:34:55.567837,computrabajo,ventas
07076E8CF8E43CC561373E686DCF3405,Gerente de Ventas,/ofertas-de-trabajo/oferta-de-trabajo-de-gerente-de-ventas-empresa-lider-en-indumentaria-y-epp-en-mendoza-07076E8CF8E43CC561373E686DCF3405#lc=ListOffers-Score4-16,https://ar.computrabajo.com/ofertas-de-trabajo/oferta-de-trabajo-de-gerente-de-ventas-empresa-lider-en-indumentaria-y-epp-en-mendoza-07076E8CF8E43CC561373E686DCF3405#lc=ListOffers-Score4-16,Perfil Humano,https://ar.computrabajo.com/empresas/ofertas-de-trabajo-de-perfil-humano-4BD2328992E04708,,"Mendoza, Mendoza",,Hace  12  horas,2025-10-21T08:34:55.567948,2025-10-21T20:34:55.567950,computrabajo,ventas
37899F364161D60C61373E686DCF3405,Jefe de Ventas rubro automotriz // Directa // para prestigiosa concesionaria,/ofertas-de-trabajo/oferta-de-trabajo-de-jefe-de-ventas-rubro-automotriz-directa-para-prestigiosa-concesionaria-full-time-en-cordoba-37899F364161D60C61373E686DCF3405#lc=ListOffers-Score4-17,https://ar.computrabajo.com/ofertas-de-trabajo/oferta-de-trabajo-de-jefe-de-ventas-rubro-automotriz-directa-para-prestigiosa-concesionaria-full-time-en-cordoba-37899F364161D60C61373E686DCF3405#lc=ListOffers-Score4-17,Rhatios,https://ar.computrabajo.com/rahtios,,"Córdoba, Córdoba",,Hace  13  horas,2025-10-21T07:34:55.568058,2025-10-21T20:34:55.568061,computrabajo,ventas
415C52FAACC6EB5D61373E686DCF3405,Ventas y Atención Telefónica,/ofertas-de-trabajo/oferta-de-trabajo-de-ventas-y-atencion-telefonica-con-o-sin-experiencia-en-cordoba-415C52FAACC6EB5D61373E686DCF3405#lc=ListOffers-Score4-18,https://ar.computrabajo.com/ofertas-de-trabajo/oferta-de-trabajo-de-ventas-y-atencion-telefonica-con-o-sin-experiencia-en-cordoba-415C52FAACC6EB5D61373E686DCF3405#lc=ListOffers-Score4-18,ReclutAr,https://ar.computrabajo.com/auto-king,,"Córdoba, Córdoba",Remoto,Hace  13  horas,2025-10-21T07:34:55.568177,2025-10-21T20:34:55.568179,computrabajo,ventas
7C15FF776A3B848461373E686DCF3405,Representante en Ventas,/ofertas-de-trabajo/oferta-de-trabajo-de-representante-en-ventas-en-fontana-7C15FF776A3B848461373E686DCF3405#lc=ListOffers-Score4-19,https://ar.computrabajo.com/ofertas-de-trabajo/oferta-de-trabajo-de-representante-en-ventas-en-fontana-7C15FF776A3B848461373E686DCF3405#lc=ListOffers-Score4-19,,,,"Fontana, Chaco",,Hace  14  horas,2025-10-21T06:34:55.568273,2025-10-21T20:34:55.568275,computrabajo,ventas
AFB2E8C11856D45961373E686DCF3405,Administrativo/a de RH  (Gba Norte),/ofertas-de-trabajo/oferta-de-trabajo-de-administrativoa-de-rh-gba-norte-en-tortuguitas-AFB2E8C11856D45961373E686DCF3405#lc=ListOffers-Score4-0,https://ar.computrabajo.com/ofertas-de-trabajo/oferta-de-trabajo-de-administrativoa-de-rh-gba-norte-en-tortuguitas-AFB2E8C11856D45961373E686DCF3405#lc=ListOffers-Score4-0,Adecco Argentina S.A.,https://ar.computrabajo.com/adecco,4.3,"Tortuguitas, Buenos Aires-GBA",Remoto,Hace  1  hora,2025-10-21T19:35:00.822603,2025-10-21T20:35:00.822616,computrabajo,administrativo
6CF386C1AE3ED98561373E686DCF3405,Administrativo,/ofertas-de-trabajo/oferta-de-trabajo-de-administrativo-en-santa-lucia-6CF386C1AE3ED98561373E686DCF3405#lc=ListOffers-Score4-1,https://ar.computrabajo.com/ofertas-de-trabajo/oferta-de-trabajo-de-administrativo-en-santa-lucia-6CF386C1AE3ED98561373E686DCF3405#lc=ListOffers-Score4-1,Ceta Capital Humano,https://ar.computrabajo.com/grupoceta,3.5,"Santa Lucía, San Juan",,Hace  2  horas,2025-10-21T18:35:00.822868,2025-10-21T20:35:00.822873,computrabajo,administrativo
EAE31289DF554E5F61373E686DCF3405,Administrativo contable,/ofertas-de-trabajo/oferta-de-trabajo-de-administrativo-contable-cuartel-v-en-moreno-EAE31289DF554E5F61373E686DCF3405#lc=ListOffers-Score4-2,https://ar.computrabajo.com/ofertas-de-trabajo/oferta-de-trabajo-de-administrativo-contable-cuartel-v-en-moreno-EAE31289DF554E5F61373E686DCF3405#lc=ListOffers-Score4-2,Adecco Argentina S.A.,https://ar.computrabajo.com/adecco,4.3,"Moreno, Buenos Aires-GBA",,Hace  2  horas,2025-10-21T18:35:00.822991,2025-10-21T20:35:00.822994,computrabajo,administrativo
4BDA0D2CFA54C24161373E686DCF3405,Chofer Administrativo,/ofertas-de-trabajo/oferta-de-trabajo-de-chofer-administrativo-rosario-en-rosario-4BDA0D2CFA54C24161373E686DCF3405#lc=ListOffers-Score4-3,https://ar.computrabajo.com/ofertas-de-trabajo/oferta-de-trabajo-de-chofer-administrativo-rosario-en-rosario-4BDA0D2CFA54C24161373E686DCF3405#lc=ListOffers-Score4-3,IRT Medicina Laboral,https://ar.computrabajo.com/medicina-laboral-para-empresas,,"Rosario, Santa Fe",,Hace  3  horas,2025-10-21T17:35:00.823113,2025-10-21T20:35:00.823116,computrabajo,administrativo
97A34B955CA0D46161373E686DCF3405,DL Analista de seguimiento administrativo,/ofertas-de-trabajo/oferta-de-trabajo-de-dl-analista-de-seguimiento-administrativo-en-tigre-97A34B955CA0D46161373E686DCF3405#lc=ListOffers-Score4-4,https://ar.computrabajo.com/ofertas-de-trabajo/oferta-de-trabajo-de-dl-analista-de-seguimiento-administrativo-en-tigre-97A34B955CA0D46161373E686DCF3405#lc=ListOffers-Score4-4,Grupo Gestión,https://ar.computrabajo.com/grupogestion,4.1,"Tigre, Buenos Aires-GBA",,Hace  3  horas,2025-10-21T17:35:00.823230,2025-10-21T20:35:00.823233,computrabajo,administrativo
C64D641EB5E6F93661373E686DCF3405,Administrativo Contable con Experiencia en Cuentas Corrientes,/ofertas-de-trabajo/oferta-de-trabajo-de-administrativo-contable-con-experiencia-en-cuentas-corrientes-en-cordoba-C64D641EB5E6F93661373E686DCF3405#lc=ListOffers-Score4-5,https://ar.computrabajo.com/ofertas-de-trabajo/oferta-de-trabajo-de-administrativo-contable-con-experiencia-en-cuentas-corrientes-en-cordoba-C64D641EB5E6F93661373E686DCF3405#lc=ListOffers-Score4-5,Consultores de Empresas,https://ar.computrabajo.com/consultoresdeempresas,4.2,"Córdoba, Córdoba",,Hace  4  horas,2025-10-21T16:35:00.823399,2025-10-21T20:35:00.823402,computrabajo,administrativo
BED5A5A2853603CA61373E686DCF3405,Administrativo,/ofertas-de-trabajo/oferta-de-trabajo-de-administrativo-administrativo-en-ramos-mejia-BED5A5A2853603CA61373E686DCF3405#lc=ListOffers-Score4-6,https://ar.computrabajo.com/ofertas-de-trabajo/oferta-de-trabajo-de-administrativo-administrativo-en-ramos-mejia-BED5A5A2853603CA61373E686DCF3405#lc=ListOffers-Score4-6,JOFUKYO S.A,https://ar.computrabajo.com/empresas/ofertas-de-trabajo-de-jofukyo-psicop--DAF778A5DB49737F,,"Ramos Mejía, Buenos Aires-GBA",,Hace  4  horas,2025-10-21T16:35:00.823515,2025-10-21T20:35:00.823517,computrabajo,administrativo
45B346519D8EF2B961373E686DCF3405,Remote Administrative Assistant,/ofertas-de-trabajo/oferta-de-trabajo-de-remote-administrative-assistant-fluent-in-english-en-rosario-45B346519D8EF2B961373E686DCF3405#lc=ListOffers-Score4-7,https://ar.computrabajo.com/ofertas-de-trabajo/oferta-de-trabajo-de-remote-administrative-assistant-fluent-in-english-en-rosario-45B346519D8EF2B961373E686DCF3405#lc=ListOffers-Score4-7,France and Son,https://ar.computrabajo.com/empresas/ofertas-de-trabajo-de-france-and-son-BE890AA38C2994C8,,"Rosario, Santa Fe",Remoto,Hace  4  horas,2025-10-21T16:35:00.823620,2025-10-21T20:35:00.823622,computrabajo,administrativo
863984BB2A25F4D261373E686DCF3405,administrativo/a recepcionista,/ofertas-de-trabajo/oferta-de-trabajo-de-administrativoa-recepcionista-en-belgrano-863984BB2A25F4D261373E686DCF3405#lc=ListOffers-Score4-8,https://ar.computrabajo.com/ofertas-de-trabajo/oferta-de-trabajo-de-administrativoa-recepcionista-en-belgrano-863984BB2A25F4D261373E686DCF3405#lc=ListOffers-Score4-8,Pie Sano,https://ar.computrabajo.com/empresas/ofertas-de-trabajo-de-pie-sano-382CCDADE349B5DE,,"Belgrano, Capital Federal",,Hace  4  horas,2025-10-21T16:35:00.823718,2025-10-21T20:35:00.823720,computrabajo,administrativo
C4EB58E40D3B53AB61373E686DCF3405,Empleada/o administrativa/o,/ofertas-de-trabajo/oferta-de-trabajo-de-empleadao-administrativao-en-saavedra-C4EB58E40D3B53AB61373E686DCF3405#lc=ListOffers-Score4-9,https://ar.computrabajo.com/ofertas-de-trabajo/oferta-de-trabajo-de-empleadao-administrativao-en-saavedra-C4EB58E40D3B53AB61373E686DCF3405#lc=ListOffers-Score4-9,ING CARLUCCIO Y ASOC S R L,https://ar.computrabajo.com/empresas/ofertas-de-trabajo-de-ing-carluccio-y-asoc-srl--9ACF395BA2B46103,,"Saavedra, Capital Federal",,Hace  4  horas,2025-10-21T16:35:00.823815,2025-10-21T20:35:00.823818,computrabajo,administrativo
275D9CAE7DB0064F61373E686DCF3405,Analista contable administrativo,/ofertas-de-trabajo/oferta-de-trabajo-de-analista-contable-administrativo-en-cordoba-275D9CAE7DB0064F61373E686DCF3405#lc=ListOffers-Score4-10,https://ar.computrabajo.com/ofertas-de-trabajo/oferta-de-trabajo-de-analista-contable-administrativo-en-cordoba-275D9CAE7DB0064F61373E686DCF3405#lc=ListOffers-Score4-10,BRIZUELA MARIA DANIELA,https://ar.computrabajo.com/empresas/ofertas-de-trabajo-de-md-talent-EE57C3C0E05CF617,,"Córdoba, Córdoba",,Hace  4  horas,2025-10-21T16:35:00.823927,2025-10-21T20:35:00.823929,computrabajo,administrativo
A30172D431BEF91961373E686DCF3405,administrativo/a recepcionista,/ofertas-de-trabajo/oferta-de-trabajo-de-administrativoa-recepcionista-en-san-nicolas-A30172D431BEF91961373E686DCF3405#lc=ListOffers-Score4-11,https://ar.computrabajo.com/ofertas-de-trabajo/oferta-de-trabajo-de-administrativoa-recepcionista-en-san-nicolas-A30172D431BEF91961373E686DCF3405#lc=ListOffers-Score4-11,AMELIA SA,https://ar.computrabajo.com/empresas/ofertas-de-trabajo-de-office-one-DD7706DC836078AC,,"San Nicolás, Capital Federal",,Hace  4  horas,2025-10-21T16:35:00.824036,2025-10-21T20:35:00.824039,computrabajo,administrativo
6EBB20B545EDAD7861373E686DCF3405,administrativo comercial,/ofertas-de-trabajo/oferta-de-trabajo-de-administrativo-comercial-manejo-de-sistema-gestion-en-remedios-de-escalada-6EBB20B545EDAD7861373E686DCF3405#lc=ListOffers-Score4-12,https://ar.computrabajo.com/ofertas-de-trabajo/oferta-de-trabajo-de-administrativo-comercial-manejo-de-sistema-gestion-en-remedios-de-escalada-6EBB20B545EDAD7861373E686DCF3405#lc=ListOffers-Score4-12,RAES.,https://ar.computrabajo.com/empresas/ofertas-de-trabajo-de-raes-922FC1EF65615E08,,"Remedios de Escalada, Buenos Aires-GBA",,Hace  4  horas,2025-10-21T16:35:00.824185,2025-10-21T20:35:00.824194,computrabajo,administrativo
A2789005A7A896A861373E686DCF3405,Administrativo/a con experiencia en Comercio Exterior,/ofertas-de-trabajo/oferta-de-trabajo-de-administrativoa-con-experiencia-en-comercio-exterior-en-rosario-A2789005A7A896A861373E686DCF3405#lc=ListOffers-Score4-13,https://ar.computrabajo.com/ofertas-de-trabajo/oferta-de-trabajo-de-administrativoa-con-experiencia-en-comercio-exterior-en-rosario-A2789005A7A896A861373E686DCF3405#lc=ListOffers-Score4-13,Grupo Gestión,https://ar.computrabajo.com/grupogestion,4.1,"Rosario, Santa Fe",,Hace  3  horas,2025-10-21T17:35:00.824320,2025-10-21T20:35:00.824324,computrabajo,administrativo
718B73FEE377B64561373E686DCF3405,Administrativo/Expedicionario,/ofertas-de-trabajo/oferta-de-trabajo-de-administrativoexpedicionario-en-san-fernando-del-valle-718B73FEE377B64561373E686DCF3405#lc=ListOffers-Score4-14,https://ar.computrabajo.com/ofertas-de-trabajo/oferta-de-trabajo-de-administrativoexpedicionario-en-san-fernando-del-valle-718B73FEE377B64561373E686DCF3405#lc=ListOffers-Score4-14,,,,"San Fernando del Valle, Catamarca",,Hace  5  horas,2025-10-21T15:35:00.824419,2025-10-21T20:35:00.824422,computrabajo,administrativo
C5031F7F5047902461373E686DCF3405,Administrativo Comercial,/ofertas-de-trabajo/oferta-de-trabajo-de-administrativo-comercial-en-godoy-cruz-C5031F7F5047902461373E686DCF3405#lc=ListOffers-Score4-16,https://ar.computrabajo.com/ofertas-de-trabajo/oferta-de-trabajo-de-administrativo-comercial-en-godoy-cruz-C5031F7F5047902461373E686DCF3405#lc=ListOffers-Score4-16,OPCIÓN CUYO S.A.,https://ar.computrabajo.com/opcioncuyo,3.9,"Godoy Cruz, Mendoza",,Hace  6  horas,2025-10-21T14:35:00.824655,2025-10-21T20:35:00.824658,computrabajo,administrativo
59140C77D8BDCF2461373E686DCF3405,administrativo operativo,/ofertas-de-trabajo/oferta-de-trabajo-de-administrativo-operativo-en-cordoba-59140C77D8BDCF2461373E686DCF3405#lc=ListOffers-Score4-17,https://ar.computrabajo.com/ofertas-de-trabajo/oferta-de-trabajo-de-administrativo-operativo-en-cordoba-59140C77D8BDCF2461373E686DCF3405#lc=ListOffers-Score4-17,,,,"Córdoba, Córdoba",,Hace  7  horas,2025-10-21T13:35:00.824757,2025-10-21T20:35:00.824759,computrabajo,administrativo
CD4F17DF3482FB1E61373E686DCF3405,Administrativo de Aseguramiento de Calidad,/ofertas-de-trabajo/oferta-de-trabajo-de-administrativo-de-aseguramiento-de-calidad-en-retiro-CD4F17DF3482FB1E61373E686DCF3405#lc=ListOffers-Score4-18,https://ar.computrabajo.com/ofertas-de-trabajo/oferta-de-trabajo-de-administrativo-de-aseguramiento-de-calidad-en-retiro-CD4F17DF3482FB1E61373E686DCF3405#lc=ListOffers-Score4-18,ManpowerGroup,https://ar.computrabajo.com/manpower,4.3,"Retiro, Capital Federal",,Hace  7  horas,2025-10-21T13:35:00.824883,2025-10-21T20:35:00.824886,computrabajo,administrativo
9D6E398521D1272C61373E686DCF3405,asistente/a administrativo,/ofertas-de-trabajo/oferta-de-trabajo-de-asistentea-administrativo-en-barracas-9D6E398521D1272C61373E686DCF3405#lc=ListOffers-Score4-19,https://ar.computrabajo.com/ofertas-de-trabajo/oferta-de-trabajo-de-asistentea-administrativo-en-barracas-9D6E398521D1272C61373E686DCF3405#lc=ListOffers-Score4-19,FOUR WAY LOGISTICS SRL,https://ar.computrabajo.com/empresas/ofertas-de-trabajo-de-four-way-logistics-srl-74B07851BC284F97,,"Barracas, Capital Federal",,Hace  7  horas,2025-10-21T13:35:00.824994,2025-10-21T20:35:00.824997,computrabajo,administrativo
92CECAE8F1776B0161373E686DCF3405,Administrativa/o,/ofertas-de-trabajo/oferta-de-trabajo-de-administrativao-con-experiencia-en-el-rubro-salud-en-mendoza-92CECAE8F1776B0161373E686DCF3405#lc=ListOffers-Score4-0,https://ar.computrabajo.com/ofertas-de-trabajo/oferta-de-trabajo-de-administrativao-con-experiencia-en-el-rubro-salud-en-mendoza-92CECAE8F1776B0161373E686DCF3405#lc=ListOffers-Score4-0,,,,"Mendoza, Mendoza",,Hace  8  horas,2025-10-21T12:35:03.096737,2025-10-21T20:35:03.096748,computrabajo,administrativo
C39EB7CE8D6D77BC61373E686DCF3405,Administrativo Contable,/ofertas-de-trabajo/oferta-de-trabajo-de-administrativo-contable-full-time-presencial-en-la-plata-C39EB7CE8D6D77BC61373E686DCF3405#lc=ListOffers-Score4-1,https://ar.computrabajo.com/ofertas-de-trabajo/oferta-de-trabajo-de-administrativo-contable-full-time-presencial-en-la-plata-C39EB7CE8D6D77BC61373E686DCF3405#lc=ListOffers-Score4-1,BASVIL S.A.S,https://ar.computrabajo.com/empresas/ofertas-de-trabajo-de-basvil-sas-63E092753C78A078,,"La Plata, Buenos Aires",,Hace  7  horas,2025-10-21T13:35:03.096867,2025-10-21T20:35:03.096870,computrabajo,administrativo
05BCC90759CB646061373E686DCF3405,Administrativa/o Comercial,/ofertas-de-trabajo/oferta-de-trabajo-de-administrativao-comercial-cordoba-capital-en-cordoba-05BCC90759CB646061373E686DCF3405#lc=ListOffers-Score4-3,https://ar.computrabajo.com/ofertas-de-trabajo/oferta-de-trabajo-de-administrativao-comercial-cordoba-capital-en-cordoba-05BCC90759CB646061373E686DCF3405#lc=ListOffers-Score4-3,Fortia RH,https://ar.computrabajo.com/fortia,5.0,"Córdoba, Córdoba",Remoto,Hace  7  horas,2025-10-21T13:35:03.097109,2025-10-21T20:35:03.097112,computrabajo,administrativo
197C4D70D98F233561373E686DCF3405,administrativo/a recepcionista,/ofertas-de-trabajo/oferta-de-trabajo-de-administrativoa-recepcionista-todos-los-turnos-en-balvanera-197C4D70D98F233561373E686DCF3405#lc=ListOffers-Score4-4,https://ar.computrabajo.com/ofertas-de-trabajo/oferta-de-trabajo-de-administrativoa-recepcionista-todos-los-turnos-en-balvanera-197C4D70D98F233561373E686DCF3405#lc=ListOffers-Score4-4,SERNA EMANUEL,https://ar.computrabajo.com/hotel-orei,,"Balvanera, Capital Federal",,Hace  9  horas,2025-10-21T11:35:03.097216,2025-10-21T20:35:03.097219,computrabajo,administrativo
CA188E2985FA466A61373E686DCF3405,Administrativo Contable,/ofertas-de-trabajo/oferta-de-trabajo-de-administrativo-contable-concesionaria-toyota-villa-maria-en-villa-maria-CA188E2985FA466A61373E686DCF3405#lc=ListOffers-Score4-5,https://ar.computrabajo.com/ofertas-de-trabajo/oferta-de-trabajo-de-administrativo-contable-concesionaria-toyota-villa-maria-en-villa-maria-CA188E2985FA466A61373E686DCF3405#lc=ListOffers-Score4-5,ALEM MOTORS - CONCESIONARIO OFICIAL DE TOYOTA,https://ar.computrabajo.com/empresas/ofertas-de-trabajo-de-alem-motors-concesionario-oficial-de-toyota-50C538C86140729D,,"Villa María, Córdoba",,Hace  9  horas,2025-10-21T11:35:03.097334,2025-10-21T20:35:03.097337,computrabajo,administrativo
7D6EEB492E5985CC61373E686DCF3405,Administrativo de Mantenimiento,/ofertas-de-trabajo/oferta-de-trabajo-de-administrativo-de-mantenimiento-en-lujan-de-cuyo-7D6EEB492E5985CC61373E686DCF3405#lc=ListOffers-Score4-6,https://ar.computrabajo.com/ofertas-de-trabajo/oferta-de-trabajo-de-administrativo-de-mantenimiento-en-lujan-de-cuyo-7D6EEB492E5985CC61373E686DCF3405#lc=ListOffers-Score4-6,Gastrosud,https://ar.computrabajo.com/gastrosud,,"Luján De Cuyo, Mendoza",,Hace  8  horas,2025-10-21T12:35:03.097435,2025-10-21T20:35:03.097437,computrabajo,administrativo
A6B60479420C2FA561373E686DCF3405,Auxiliar Administrativo,/ofertas-de-trabajo/oferta-de-trabajo-de-auxiliar-administrativo-part-time-en-lujan-de-cuyo-A6B60479420C2FA561373E686DCF3405#lc=ListOffers-Score4-7,https://ar.computrabajo.com/ofertas-de-trabajo/oferta-de-trabajo-de-auxiliar-administrativo-part-time-en-lujan-de-cuyo-A6B60479420C2FA561373E686DCF3405#lc=ListOffers-Score4-7,,,,"Luján De Cuyo, Mendoza",,Hace  8  horas,2025-10-21T12:35:03.097530,2025-10-21T20:35:03.097534,computrabajo,administrativo
FCF1A15354C2F75661373E686DCF3405,Administrativo Contable,/ofertas-de-trabajo/oferta-de-trabajo-de-administrativo-contable-presencial-en-cordoba-FCF1A15354C2F75661373E686DCF3405#lc=ListOffers-Score4-8,https://ar.computrabajo.com/ofertas-de-trabajo/oferta-de-trabajo-de-administrativo-contable-presencial-en-cordoba-FCF1A15354C2F75661373E686DCF3405#lc=ListOffers-Score4-8,Kenility,https://ar.computrabajo.com/empresas/ofertas-de-trabajo-de-kenility-639A3BC695C53716,,"Córdoba, Córdoba",,Hace  8  horas,2025-10-21T12:35:03.097626,2025-10-21T20:35:03.097629,computrabajo,administrativo
F8DFEF1D7829CDCD61373E686DCF3405,REF 1019: Administrativo de Obra Zona de Traslasierra,/ofertas-de-trabajo/oferta-de-trabajo-de-ref-1019-administrativo-de-obra-zona-de-traslasierra-en-villa-dolores-F8DFEF1D7829CDCD61373E686DCF3405#lc=ListOffers-Score4-9,https://ar.computrabajo.com/ofertas-de-trabajo/oferta-de-trabajo-de-ref-1019-administrativo-de-obra-zona-de-traslasierra-en-villa-dolores-F8DFEF1D7829CDCD61373E686DCF3405#lc=ListOffers-Score4-9,Lectus - Soluciones en RRHH,https://ar.computrabajo.com/lectus,,"Villa Dolores, Córdoba",,Hace  8  horas,2025-10-21T12:35:03.097728,2025-10-21T20:35:03.097730,computrabajo,administrativo
F646BE52AEFAC9F661373E686DCF3405,Administrativo,/ofertas-de-trabajo/oferta-de-trabajo-de-administrativo-atencion-al-afiliado-en-puerto-madero-F646BE52AEFAC9F661373E686DCF3405#lc=ListOffers-Score4-10,https://ar.computrabajo.com/ofertas-de-trabajo/oferta-de-trabajo-de-administrativo-atencion-al-afiliado-en-puerto-madero-F646BE52AEFAC9F661373E686DCF3405#lc=ListOffers-Score4-10,GRUPO BELLA VISTA SA,https://ar.computrabajo.com/grupo-bella-vista-sa,,"Puerto Madero, Capital Federal",,Hace  10  horas,2025-10-21T10:35:03.097838,2025-10-21T20:35:03.097841,computrabajo,administrativo
C338DCA190B7C9D861373E686DCF3405,Administrativo Contable Generalista. Zona Palermo,/ofertas-de-trabajo/oferta-de-trabajo-de-administrativo-contable-generalista-zona-palermo-en-palermo-C338DCA190B7C9D861373E686DCF3405#lc=ListOffers-Score4-11,https://ar.computrabajo.com/ofertas-de-trabajo/oferta-de-trabajo-de-administrativo-contable-generalista-zona-palermo-en-palermo-C338DCA190B7C9D861373E686DCF3405#lc=ListOffers-Score4-11,Suministra SRL,https://ar.computrabajo.com/empresas/ofertas-de-trabajo-de-suministra-srl-5CFBA2E187B9933C,4.0,"Palermo, Capital Federal",,Hace  9  horas,2025-10-21T11:35:03.097950,2025-10-21T20:35:03.097952,computrabajo,administrativo
CE8ED07D203F3A2D61373E686DCF3405,Administrativo/a SR.,/ofertas-de-trabajo/oferta-de-trabajo-de-administrativoa-sr-en-salta-CE8ED07D203F3A2D61373E686DCF3405#lc=ListOffers-Score4-12,https://ar.computrabajo.com/ofertas-de-trabajo/oferta-de-trabajo-de-administrativoa-sr-en-salta-CE8ED07D203F3A2D61373E686DCF3405#lc=ListOffers-Score4-12,Randstad Argentina,https://ar.computrabajo.com/randstad,4.4,"Salta, Salta",,Hace  10  horas,2025-10-21T10:35:03.098064,2025-10-21T20:35:03.098067,computrabajo,administrativo
E7D861DCF07348F261373E686DCF3405,Operario Administrativo de Logística,/ofertas-de-trabajo/oferta-de-trabajo-de-operario-administrativo-de-logistica-en-florencio-varela-E7D861DCF07348F261373E686DCF3405#lc=ListOffers-Score4-13,https://ar.computrabajo.com/ofertas-de-trabajo/oferta-de-trabajo-de-operario-administrativo-de-logistica-en-florencio-varela-E7D861DCF07348F261373E686DCF3405#lc=ListOffers-Score4-13,Vril SRL,https://ar.computrabajo.com/vril,3.8,"Florencio Varela, Buenos Aires-GBA",,Hace  11  horas,2025-10-21T09:35:03.098173,2025-10-21T20:35:03.098176,computrabajo,administrativo
173992F3C04F1A4461373E686DCF3405,Coordinador de Turno – Taller Mecánico de Vehículos Pesados,/ofertas-de-trabajo/oferta-de-trabajo-de-coordinador-de-turno-taller-mecanico-de-vehiculos-pesados-administrativo-en-tapiales-173992F3C04F1A4461373E686DCF3405#lc=ListOffers-Score4-14,https://ar.computrabajo.com/ofertas-de-trabajo/oferta-de-trabajo-de-coordinador-de-turno-taller-mecanico-de-vehiculos-pesados-administrativo-en-tapiales-173992F3C04F1A4461373E686DCF3405#lc=ListOffers-Score4-14,Rutatlantica,https://ar.computrabajo.com/rutatlantica,3.6,"Tapiales, Buenos Aires-GBA",,Hace  11  horas,2025-10-21T09:35:03.098297,2025-10-21T20:35:03.098299,computrabajo,administrativo
21A73A4FC3E25C9861373E686DCF3405,Administrativo/a Agro,/ofertas-de-trabajo/oferta-de-trabajo-de-administrativoa-agro-en-sampacho-21A73A4FC3E25C9861373E686DCF3405#lc=ListOffers-Score4-15,https://ar.computrabajo.com/ofertas-de-trabajo/oferta-de-trabajo-de-administrativoa-agro-en-sampacho-21A73A4FC3E25C9861373E686DCF3405#lc=ListOffers-Score4-15,Randstad Argentina,https://ar.computrabajo.com/randstad,4.4,"Sampacho, Córdoba",,Hace  11  horas,2025-10-21T09:35:03.098406,2025-10-21T20:35:03.098408,computrabajo,administrativo
31BC0D39785D5B2C61373E686DCF3405,Auxiliar Administrativo / Empresa Constructora,/ofertas-de-trabajo/oferta-de-trabajo-de-auxiliar-administrativo-empresa-constructora-en-neuquen-31BC0D39785D5B2C61373E686DCF3405#lc=ListOffers-Score4-16,https://ar.computrabajo.com/ofertas-de-trabajo/oferta-de-trabajo-de-auxiliar-administrativo-empresa-constructora-en-neuquen-31BC0D39785D5B2C61373E686DCF3405#lc=ListOffers-Score4-16,Estudio Sanchez Salas y Asoc. S.R.L.,https://ar.computrabajo.com/empresas/ofertas-de-trabajo-de-estudio-sanchez-salas-y-asoc-srl-C69CE0CAA5C59022,3.9,"Neuquen, Neuquén",,Hace  11  horas,2025-10-21T09:35:03.098515,2025-10-21T20:35:03.098517,computrabajo,administrativo
FDE9135B75DEA34261373E686DCF3405,Administrativo contable SSR. / Garin,/ofertas-de-trabajo/oferta-de-trabajo-de-administrativo-contable-ssr-garin-periodo-6-meses-en-garin-FDE9135B75DEA34261373E686DCF3405#lc=ListOffers-Score4-17,https://ar.computrabajo.com/ofertas-de-trabajo/oferta-de-trabajo-de-administrativo-contable-ssr-garin-periodo-6-meses-en-garin-FDE9135B75DEA34261373E686DCF3405#lc=ListOffers-Score4-17,Vril SRL,https://ar.computrabajo.com/vril,3.8,"Garín, Buenos Aires",,Hace  11  horas,2025-10-21T09:35:03.098624,2025-10-21T20:35:03.098627,computrabajo,administrativo
9E79F5660F08338961373E686DCF3405,Administrativo de taller,/ofertas-de-trabajo/oferta-de-trabajo-de-administrativo-de-taller-cargas-generales-en-zarate-9E79F5660F08338961373E686DCF3405#lc=ListOffers-Score4-18,https://ar.computrabajo.com/ofertas-de-trabajo/oferta-de-trabajo-de-administrativo-de-taller-cargas-generales-en-zarate-9E79F5660F08338961373E686DCF3405#lc=ListOffers-Score4-18,ARCHLATAM,https://ar.computrabajo.com/-archlatam,4.0,"Zárate, Buenos Aires",,Hace  12  horas,2025-10-21T08:35:03.098753,2025-10-21T20:35:03.098756,computrabajo,administrativo
FAE2D90B76C090BA61373E686DCF3405,DL Analista de seguimiento administrativo,/ofertas-de-trabajo/oferta-de-trabajo-de-dl-analista-de-seguimiento-administrativo-zona-pacheco-en-tigre-FAE2D90B76C090BA61373E686DCF3405#lc=ListOffers-Score4-19,https://ar.computrabajo.com/ofertas-de-trabajo/oferta-de-trabajo-de-dl-analista-de-seguimiento-administrativo-zona-pacheco-en-tigre-FAE2D90B76C090BA61373E686DCF3405#lc=ListOffers-Score4-19,Grupo Gestión,https://ar.computrabajo.com/grupogestion,4.1,"Tigre, Buenos Aires-GBA",,Hace  12  horas,2025-10-21T08:35:03.098878,2025-10-21T20:35:03.098880,computrabajo,administrativo
