id_oferta,titulo,empresa,localizacion,modalidad_trabajo,tipo_trabajo,id_area,id_subarea,esco_occupation_uri,esco_occupation_label,isco_code,isco_nivel1,isco_nivel2,score_titulo,score_skills,score_descripcion,score_final_ponderado,skills_cobertura,skills_matcheados_esco,skills_demandados_total,match_confirmado,requiere_revision,matching_version,matching_timestamp
2091347,CHOFER REPARTIDOR,Confidencial,"Capital Federal, Buenos Aires",Presencial,Full-time,3,54,http://data.europa.eu/esco/occupation/2480f8b0-4c02-4c66-84ad-2677c1548e03,conductor de vehículo de recogida de basura/conductora de vehículo de recogida de basura,C8332,8,83,0.6574448645114899,0.6589321494102478,0.29129353165626526,0.6214246153831482,0.6589321494102478,,,1,0,v8.3_esco_familias_funcionales,2025-11-28 20:37:50
2123908,"CAFETERIA FAST FOOD BUSCA CAJEROS, BARISTAS, SANDWICHEROS, SALONEROS, COCINEROS, ENCARGADOS",Confidencial,"Capital Federal, Buenos Aires",Presencial,Full-time,10,2641,http://data.europa.eu/esco/occupation/731ecac4-06e8-4ec2-a559-101fecbd9183,camarero de pisos/camarera de pisos,C9112,9,91,0.7036857366561889,0.3526279926300049,0.3507237434387207,0.5279664397239685,0.3526279926300049,,,0,1,v8.3_esco_familias_funcionales,2025-11-28 20:37:50
2126626,Supervisor Producción,Confidencial,"Moreno, Buenos Aires",Presencial,Full-time,16,32,http://data.europa.eu/esco/occupation/0e68f523-3206-4896-b725-44150dd22057,supervisor de fabricación de prendas y marroquinería de piel y cuero/supervisora de fabricación de prendas y marroquinería de piel y cuero,C3122,3,31,0.7091093778610229,0.3046065866947174,0.34848058223724365,0.655015058517456,0.3046065866947174,,,1,0,v8.3_esco_familias_funcionales,2025-11-28 20:37:50
2129707,PASTELERA,MANIFIESTO CAFE,"Capital Federal, Buenos Aires",Presencial,Full-time,10,2350,http://data.europa.eu/esco/occupation/268565be-d94f-4983-a33f-2b7dabc61f24,vendedor especializado en confitería y golosinas/vendedora especializada en confitería y golosinas,C5223,5,52,0.6761560499668121,0.4374169111251831,0.32895395159721375,0.5459401607513428,0.4374169111251831,,,0,1,v8.3_esco_familias_funcionales,2025-11-28 20:37:50
2130257,EMPLEADA/O VENTA MOSTRADOR PARA CASA DE ELECTRICIDAD,Confidencial,"Capital Federal, Buenos Aires",Presencial,Full-time,6,35,http://data.europa.eu/esco/occupation/6a6e174e-cffa-49a9-9f2f-aa39c81cdee5,empleado de mostrador de oficina postal/empleada de mostrador de oficina postal,C4211,4,42,0.7190499544143676,0.5459830164909363,0.30033406615257263,0.6079515814781189,0.5459830164909363,,,1,0,v8.3_esco_familias_funcionales,2025-11-28 20:37:50
2131827,Operario de Producción de Alimentos,ABC Alimentos,"Capital Federal, Buenos Aires",Presencial,Full-time,16,32,http://data.europa.eu/esco/occupation/9aeefea6-11c3-4479-b703-902ee84787d7,operario de procesamiento de productos lácteos/operaria de procesamiento de productos lácteos,C8160,8,81,0.773109644651413,0.6447475552558899,0.29093462228775024,0.6735473275184631,0.6447475552558899,,,1,0,v8.3_esco_familias_funcionales,2025-11-28 20:37:50
2133690,Vendedores Convencionales de Autos 0KM,Organización Sur,"Lanús Oeste, Buenos Aires",Presencial,Full-time,6,35,http://data.europa.eu/esco/occupation/099a901f-91a7-4d26-af2e-f385247dcf20,vendedor de piezas de repuesto de automóviles/vendedora de piezas de repuesto de automóviles,C5223,5,52,0.7179365634918213,0.646604597568512,0.31502068042755127,0.6491121649742128,0.646604597568512,,,0,1,v8.3_esco_familias_funcionales,2025-11-28 20:37:50
2135143,Operador SIM – Analista de IMPORTACION,Confidencial,"Capital Federal, Buenos Aires",Híbrido,Full-time,2,96,http://data.europa.eu/esco/occupation/30ca97f4-a4fd-4189-a781-ac08f6b09b78,analista de datos en centro de llamadas,C3341,3,33,0.6968077063560485,0.5943554043769836,0.34219127893447876,0.6203651428222656,0.5943554043769836,,,1,0,v8.3_esco_familias_funcionales,2025-11-28 20:37:50
2136652,Tecnica de laboratorio de análisis clínicos en Quilmes / Estudiante avanzada de Bioquímica,Laboratorio Primera Junta,"Quilmes, Buenos Aires",Presencial,Part-time,23,2520,http://data.europa.eu/esco/occupation/2e8820ba-5b2d-4572-92a1-942dbd02a6d6,técnico en laboratorio clínico y biomédico/técnica en laboratorio clínico y biomédico,C2269,2,22,0.7764185249805451,0.0,0.0,0.6599557462334633,0.0,,,1,0,v8.3_esco_familias_funcionales,2025-11-28 20:37:50
2143169,Operario de Mantenimiento full time,Sistemas de Gestión,"Capital Federal, Buenos Aires",Presencial,Full-time,16,70,http://data.europa.eu/esco/occupation/b0fa69b4-998c-4e66-acd3-5f5d73cadb5c,operario de máquinas de embalaje y llenado/operaria de máquinas de embalaje y llenado,C8183,8,81,0.6963398039340972,0.6572961211204529,0.2809571921825409,0.6391840577125549,0.6572961211204529,,,1,0,v8.3_esco_familias_funcionales,2025-11-28 20:37:50
2143478,Instructor de Informática.,IGI Instituto Gastronomico Internacional,"Capital Federal, Buenos Aires",Presencial,Por Horas,9,120,http://data.europa.eu/esco/occupation/46f9d58f-11bd-4d96-b000-ff4490d3009b,profesor de formación profesional en artes industriales/profesora de formación profesional en artes industriales,C2320,2,23,0.6834490597248077,0.6559121012687683,0.31137949228286743,0.6352273225784302,0.6559121012687683,,,1,0,v8.3_esco_familias_funcionales,2025-11-28 20:37:50
2144019,Preventista,GRANJA 2 CUÑADOS S.A.,"Moreno, Buenos Aires",Presencial,Full-time,6,35,http://data.europa.eu/esco/occupation/974494ee-5f32-4eec-9950-9d431e902dc1,vendedor especializado en carnicería y productos cárnicos/vendedora especializada en carnicería y productos cárnicos,C5223,5,52,0.6723995447158813,0.3483026623725891,0.32153525948524475,0.6197699019312858,0.3483026623725891,,,1,0,v8.3_esco_familias_funcionales,2025-11-28 20:37:50
2144364,ADMINISTRATIVA CONTABLE,POSTA EXPRESS SRL,"Canning, Buenos Aires",Presencial,Full-time,1,58,http://data.europa.eu/esco/occupation/1d6fbb43-f4c7-4839-8099-55eae5d424a5,asistente administrativo para campañas de recaudación de fondos/asistente administrativa para campañas de recaudación de fondos,C3343,3,33,0.7162800848484039,0.910520613193512,0.32051002979278564,0.9043993592262269,0.910520613193512,,,1,0,v8.3_esco_familias_funcionales,2025-11-28 20:37:50
2145263,Consultor Junior y Semi Junior de Liquidación de Sueldos,ICONO SA,Mendoza,Presencial,Full-time,17,48,http://data.europa.eu/esco/occupation/bd9d395a-d587-45c6-8d72-ceef226df9e1,consultor de integración de sistemas de TIC/consultora de integración de sistemas de TIC,C2511,2,25,0.6678248226642608,0.45275014638900757,0.3005891442298889,0.5450713634490967,0.45275014638900757,,,0,1,v8.3_esco_familias_funcionales,2025-11-28 20:37:50
2145271,Técnico Mecánico o Ingeniero para coordinar proyectos,Confidencial,"Los Troncos del Talar, Buenos Aires",Presencial,Full-time,16,32,http://data.europa.eu/esco/occupation/9ce12690-c3bf-4135-b7a5-b666bb8c68f5,ingeniero técnico de minas/ingeniera técnica de minas,C3117,3,31,0.7386382997035981,0.5738951563835144,0.3355574607849121,0.6324329376220703,0.5738951563835144,,,1,0,v8.3_esco_familias_funcionales,2025-11-28 20:37:50
2145519,"Operario de Mantenimiento (pintores, electricistas, albañileria)",IMPORTANTE ASOCIACION CIVIL,"Capital Federal, Buenos Aires",Presencial,Full-time,22,2610,http://data.europa.eu/esco/occupation/c44f9f8c-46a6-40da-9630-cc568a18cc51,operario de metalistería ornamental/operaria de metalistería ornamental,C7223,7,72,0.7065804660320282,0.5120681524276733,0.3139174282550812,0.5895092487335205,0.5120681524276733,,,0,1,v8.3_esco_familias_funcionales,2025-11-28 20:37:50
2149320,Customer Care Professional with advanced French or German and English skills - Commercial Backoffice,AMERICAN EXPRESS ARGENTINA,"Capital Federal, Buenos Aires",Híbrido,Part-time,25,2571,http://data.europa.eu/esco/occupation/725090a7-9943-4dae-8079-a6999d21ddba,director de relaciones con los clientes/directora de relaciones con los clientes,C2431,2,24,0.6844422936439514,0.7854958176612854,0.35187065601348877,0.6916065812110901,0.7854958176612854,,,1,0,v8.3_esco_familias_funcionales,2025-11-28 20:37:50
2149508,Atención a Mostrador en Pastelería .Barista. Part time /Full time,Confidencial,"Capital Federal, Buenos Aires",Presencial,Part-time,10,2350,http://data.europa.eu/esco/occupation/5c4ba833-da16-4bd0-a4b2-c08a2eaf5884,"operador de horno de esmaltes, barnices y vidriados/operadora de horno de esmaltes, barnices y vidriados",C8181,8,81,0.6905233800411223,0.4115397334098816,0.3200894296169281,0.5418865084648132,0.4115397334098816,,,0,1,v8.3_esco_familias_funcionales,2025-11-28 20:37:50
2149629,Gerente de Sucursal,Confidencial,"Capital Federal, Buenos Aires",Presencial,Full-time,6,35,http://data.europa.eu/esco/occupation/9c9752b7-3e3b-4a08-8553-b63a013f8072,gestor de la atención al cliente/gestora de la atención al cliente,C2431,2,24,0.6948579847812653,0.6007423996925354,0.3085128664970398,0.018577241897582975,0.6007423996925354,,,0,0,v8.3_esco_familias_funcionales,2025-11-28 20:37:50
2150503,Asistente Creativo de Diseño y Contenido Visual,FAG SISTEMS S.A.,"Capital Federal, Buenos Aires",Presencial,Full-time,14,52,http://data.europa.eu/esco/occupation/5dd01019-3999-4d90-bc8a-7a04b0b208b0,diseñador capilar y de maquillaje/diseñadora capilar y de maquillaje,C5142,5,51,0.717598831653595,0.644325852394104,0.3347132205963135,0.6500011086463928,0.644325852394104,,,1,0,v8.3_esco_familias_funcionales,2025-11-28 20:37:50
2151075,Asistente Compliance (part time),Consultor Independiente,"Capital Federal, Buenos Aires",Híbrido,Part-time,1,2599,http://data.europa.eu/esco/occupation/1d6fbb43-f4c7-4839-8099-55eae5d424a5,asistente administrativo para campañas de recaudación de fondos/asistente administrativa para campañas de recaudación de fondos,C3343,3,33,0.7133889317512512,0.7418941259384155,0.31307125091552734,0.684759259223938,0.7418941259384155,,,1,0,v8.3_esco_familias_funcionales,2025-11-28 20:37:50
2152531,Líder de equipo comercial de atención telefónica,Karabitian Carlos,"Córdoba, Córdoba",Presencial,Full-time,25,2571,http://data.europa.eu/esco/occupation/1dd7c3cb-2d58-4dad-ae15-c9081174ab7e,director de comercialización y ventas por canales electrónicos/directora de comercialización y ventas por canales electrónicos,C1221,1,12,0.6990492463111877,0.5833643674850464,0.2849407196044922,0.0,0.5833643674850464,,,0,0,v8.3_esco_familias_funcionales,2025-11-28 20:37:50
2152906,Representante Comercial,Sistemas de Gestión,"Capital Federal, Buenos Aires",Presencial,Full-time,6,23,http://data.europa.eu/esco/occupation/d19932b3-169a-4cdf-a9cd-bdf8857b0184,representante técnico de ventas en el sector de la maquinaria textil/representante técnica de ventas en el sector de la maquinaria textil,C2433,2,24,0.6977610945701599,0.5952861309051514,0.2856696844100952,0.0,0.5952861309051514,,,0,0,v8.3_esco_familias_funcionales,2025-11-28 20:37:50
2153268,Técnico Mecanico/ Electromecanico para Instructor de Mecánica,CESVI ARGENTINA S.A.,"Pilar, Buenos Aires",Presencial,Full-time,30,2578,http://data.europa.eu/esco/occupation/1e2aaeff-5bf1-4649-9f09-9ebbd5cc3501,técnico en diseño electromecánico/técnica en diseño electromecánico,C3118,3,31,0.7571523368358611,0.6663205027580261,0.31314295530319214,0.6764187216758728,0.6663205027580261,,,1,0,v8.3_esco_familias_funcionales,2025-11-28 20:37:50
2153307,Oficina Tecnica/Empresa Constructora,Vivian Hnos,"Capital Federal, Buenos Aires",Presencial,Full-time,4,2330,http://data.europa.eu/esco/occupation/f0e479d9-7afd-40b1-b60f-b68c400c15fb,inspector técnico de edificios/inspectora técnica de edificios,C3112,3,31,0.7238150417804718,0.6623900532722473,0.33367976546287537,0.6602315306663513,0.6623900532722473,,,1,0,v8.3_esco_familias_funcionales,2025-11-28 20:37:50
2154046,Enfermeros para atención domiciliaria general y Cuidados Paliativos,Palcare,"Capital Federal, Buenos Aires",Presencial,Full-time,33,2678,http://data.europa.eu/esco/occupation/0b5dfc02-b825-4445-811d-d39ed442657e,enfermero especializado en atención de urgencias/enfermera especializada en atención de urgencias,C3258,3,32,0.7273236453533172,0.6834195256233215,0.3300568461418152,0.6700353622436523,0.6834195256233215,,,1,0,v8.3_esco_familias_funcionales,2025-11-28 20:37:50
2154549,Contador/a para Sector Auditoría,MONICA ALE LIVE COACH,"Capital Federal, Buenos Aires",Híbrido,Full-time,1,83,http://data.europa.eu/esco/occupation/1ad59946-d13e-441e-9b36-56e1df055e21,auditor de cuentas/auditora de cuentas,C2519,2,25,0.7099143266677856,0.6907949447631836,0.30080175399780273,0.6613553762435913,0.5766984224319458,,,1,0,v8.3_esco_familias_funcionales,2025-11-28 20:37:50
2154610,"VENDEDOR VIAJANTE DE AUTOS OKM, USADOS (MULTIMARCA)",Go! Selection intelligent,"Capital Federal, Buenos Aires",Híbrido,Full-time,6,23,http://data.europa.eu/esco/occupation/099a901f-91a7-4d26-af2e-f385247dcf20,vendedor de piezas de repuesto de automóviles/vendedora de piezas de repuesto de automóviles,C5223,5,52,0.7101349353790283,0.3315914273262024,0.33128103613853455,0.6533068504929543,0.3315914273262024,,,0,1,v8.3_esco_familias_funcionales,2025-11-28 20:37:50
2155040,ENCARGADAS/OS - HELADERAS/OS- BARISTAS todos los turnos,Confidencial,"Capital Federal, Buenos Aires",Presencial,Full-time,6,23,http://data.europa.eu/esco/occupation/731ecac4-06e8-4ec2-a559-101fecbd9183,camarero de pisos/camarera de pisos,C9112,9,91,0.7059529483318329,0.4501732587814331,0.32734692096710205,0.5657804608345032,0.4501732587814331,,,0,1,v8.3_esco_familias_funcionales,2025-11-28 20:37:50
2155532,Representante de Ventas - Sector Industrial - Zona Rosario - Sherwin Williams,TRIEB CONSULTING,"Rosario, Santa Fe",Presencial,Full-time,6,35,http://data.europa.eu/esco/occupation/d19932b3-169a-4cdf-a9cd-bdf8857b0184,representante técnico de ventas en el sector de la maquinaria textil/representante técnica de ventas en el sector de la maquinaria textil,C2433,2,24,0.7404411196708678,0.6462835073471069,0.32323187589645386,0.061057174205779996,0.6462835073471069,,,0,0,v8.3_esco_familias_funcionales,2025-11-28 20:37:50
2155862,Técnico Mecánico de Autoelevador | Pacheco GBA,Adecco Argentina,"El Talar, Buenos Aires",Presencial,Full-time,22,2610,http://data.europa.eu/esco/occupation/06bd6285-13ed-4ea7-90cc-e9638a0600a9,técnico de baterías de automoción/técnica de baterías de automoción,C7412,7,74,0.7065329432487488,0.0,0.0,0.6005530017614364,0.0,,,1,0,v8.3_esco_familias_funcionales,2025-11-28 20:37:50
2155899,"Estudiante de Arquitectura, Tasador",Confidencial,"Capital Federal, Buenos Aires",Presencial,Full-time,22,55,http://data.europa.eu/esco/occupation/bbefa1b2-521e-4d87-a7ad-9bbd0b32e271,tasador de bienes inmuebles para tributación/tasadora de bienes inmuebles para tributación,C3315,3,33,0.6819879591464997,0.5692790150642395,0.3064081072807312,0.599346399307251,0.5692790150642395,,,0,1,v8.3_esco_familias_funcionales,2025-11-28 20:37:50
2156186,Vendedor para concesionario de autos full time (puerto Madero),FB1 Baic,"Capital Federal, Buenos Aires",Presencial,Full-time,6,23,http://data.europa.eu/esco/occupation/099a901f-91a7-4d26-af2e-f385247dcf20,vendedor de piezas de repuesto de automóviles/vendedora de piezas de repuesto de automóviles,C5223,5,52,0.747243022918701,0.5309262871742249,0.312404990196228,0.6172325611114503,0.5309262871742249,,,0,1,v8.3_esco_familias_funcionales,2025-11-28 20:37:50
2156731,PROCURADOR de expedientes en tribunales de Capital Federal,Estudio Juridico Lado & Idoyaga,"Capital Federal, Buenos Aires",Presencial,Full-time,13,28,http://data.europa.eu/esco/occupation/bac62d45-bb74-45fa-9b38-a3ebf2095212,letrado de la Administración de Justicia para gestión procesal y administrativa/letrada de la Administración de Justicia para gestión procesal y administrativa,C3411,3,34,0.6543917000293731,0.43338266015052795,0.29692763090133667,0.5302416682243347,0.43338266015052795,,,0,1,v8.3_esco_familias_funcionales,2025-11-28 20:37:50
2156828,Representante de Ventas por Chat,Ezo Team,"Capital Federal, Buenos Aires",Remoto,Full-time,6,35,http://data.europa.eu/esco/occupation/4a13bafa-a2ac-4864-a278-176ea5969280,"representante técnico de ventas de equipo de ferretería, fontanería y calefacción/representante técnica de ventas de equipo de ferretería, fontanería y calefacción",C2433,2,24,0.7006393432617187,0.6327272653579712,0.3052821159362793,0.03393878936767575,0.6327272653579712,,,0,0,v8.3_esco_familias_funcionales,2025-11-28 20:37:50
2157064,Diseño Multimedia - Editor de videos,Leiva Joyas,"Capital Federal, Buenos Aires",Presencial,Full-time,31,2589,http://data.europa.eu/esco/occupation/d68ff35f-e34d-4e32-88ab-d6c06a6c25b9,diseñador de juegos digitales/diseñadora de juegos digitales,C2166,2,21,0.7007401704788208,0.6192928552627563,0.3004647493362427,0.6281336545944214,0.6192928552627563,,,1,0,v8.3_esco_familias_funcionales,2025-11-28 20:37:50
2157181,Gomero/Mecánico y Vendedor - Zona AMBA,Neumasur,"Capital Federal, Buenos Aires",Presencial,Full-time,22,2610,http://data.europa.eu/esco/occupation/98c429ad-128e-467e-803a-9a6dc1ceed72,encargado de la puesta a punto de los neumáticos/encargada de la puesta a punto de los neumáticos,C7231,7,72,0.7136721312999725,0.6203288435935974,0.3078627586364746,0.03575387001037594,0.6203288435935974,,,0,0,v8.3_esco_familias_funcionales,2025-11-28 20:37:50
2157256,Arquitecto - Lic. en Diseño de Interiores con dominio avanzado de idioma Ingles,Confidencial,"Capital Federal, Buenos Aires",Híbrido,Full-time,31,2586,http://data.europa.eu/esco/occupation/716df735-77eb-47c8-8c06-d86e46903989,ingeniero de hogares inteligentes/ingeniera de hogares inteligentes,C2151,2,21,0.7094215273857116,0.687635600566864,0.31479284167289734,0.6612443327903748,0.687635600566864,,,1,0,v8.3_esco_familias_funcionales,2025-11-28 20:37:50
2157278,Comprador/a para Cadena de Supermercados (zona oeste),Confidencial,"Castelar, Buenos Aires",Presencial,Full-time,6,23,http://data.europa.eu/esco/occupation/cc844eb8-c81d-40ff-af3d-119700e60f23,comprador de tejidos y material de confección/compradora de tejidos y material de confección,C3323,3,33,0.730537337064743,0.6112415194511414,0.37360018491744995,0.04712530374526974,0.6112415194511414,,,0,0,v8.3_esco_familias_funcionales,2025-11-28 20:37:50
2157379,Agente de viajes Corporativos,Go! Selection intelligent,"Capital Federal, Buenos Aires",Híbrido,Full-time,10,2360,http://data.europa.eu/esco/occupation/903dc1bf-2da8-477d-83b2-687d360cf1da,consultor en comunicación intercultural/consultora en comunicación intercultural,C2432,2,24,0.7025177717208861,0.29045724868774414,0.3230224847793579,0.6455934786796569,0.29045724868774414,,,1,0,v8.3_esco_familias_funcionales,2025-11-28 20:37:50
2157405,ANALISTA CONTABLE-IMPOSITIVO Y LIQUIDADOR SUELDOS,Estudio Contable-Impositivo,"Capital Federal, Buenos Aires",Presencial,Full-time,1,58,http://data.europa.eu/esco/occupation/1fce1be0-bf52-449b-9a2b-3f2cc710290a,analista de compensaciones,C2423,2,24,0.6876469135284423,0.8019897937774658,0.3192561864852905,0.6965450048446655,0.8019897937774658,,,1,0,v8.3_esco_familias_funcionales,2025-11-28 20:37:50
2157589,OPERARIO ENVASADO EVENTUAL,Confidencial,"Capital Federal, Buenos Aires",Presencial,Full-time,16,32,http://data.europa.eu/esco/occupation/9388a977-6f79-4509-81aa-026bc49e1919,operario de línea de envasado y embotellado/operaria de línea de envasado y embotellado,C8183,8,81,0.7542801439762115,0.17188434302806854,0.316287100315094,0.6885811874270439,0.17188434302806854,,,1,0,v8.3_esco_familias_funcionales,2025-11-28 20:37:50
2158114,Jefe de Delegación,Asociación Mutual de Protección Familiar,"Tandil, Buenos Aires",Presencial,Full-time,1,25,http://data.europa.eu/esco/occupation/f8d7d59d-242d-4903-9e0d-d2d23a0ef4c3,"director de distribución de café, té, cacao y especias/directora de distribución de café, té, cacao y especias",C1324,1,13,0.6451642483472824,0.6138664484024048,0.3040435016155243,0.0,0.6138664484024048,,,0,0,v8.3_esco_familias_funcionales,2025-11-28 20:37:50
2158295,Maquinista Heidelberg Offset 4 COLORES 72X102,Grafica Mendez,"Capital Federal, Buenos Aires",Presencial,Full-time,22,36,http://data.europa.eu/esco/occupation/02b5b7b0-b856-4ac7-924c-8c35c7880b2a,operador de máquina recubridora de metales/operadora de máquina recubridora de metales,C8122,8,81,0.6738708555698394,0.5703969597816467,0.32733434438705444,0.597827672958374,0.5703969597816467,,,0,1,v8.3_esco_familias_funcionales,2025-11-28 20:37:50
2158538,Dibujante y Diseñador 2D de Espacios de Trabajo // Office Space Planner (Remoto/Remote),cubicles.com,"Capital Federal, Buenos Aires",Remoto,Full-time,31,2588,http://data.europa.eu/esco/occupation/98af7387-3974-457a-aa57-5397d1ea3949,diseñador de espacios verdes interiores/diseñadora de espacios verdes interiores,C6113,6,61,0.6878451704978943,0.6643264889717102,0.3033430576324463,0.03998746871948239,0.6643264889717102,,,0,0,v8.3_esco_familias_funcionales,2025-11-28 20:37:50
2158571,Social Media - Community manager,Leiva Joyas,"Capital Federal, Buenos Aires",Presencial,Full-time,14,30,http://data.europa.eu/esco/occupation/137b1d11-c4bc-4016-89ba-45345d4c71f0,gestor de la información para las redes sociales/gestora de la información para las redes sociales,C2432,2,24,0.6666378140449524,0.6761986613273621,0.2677019536495209,0.6305685639381409,0.6761986613273621,,,1,0,v8.3_esco_familias_funcionales,2025-11-28 20:37:50
2158781,"Asesor/a Comercial (Desarrollos inmobiliarios, Real Estate )",D&S Consultores,"San Fernando, Buenos Aires",Presencial,Full-time,6,35,http://data.europa.eu/esco/occupation/0f5b4653-50b2-413a-826d-39d447480c21,director de agencia inmobiliaria/directora de agencia inmobiliaria,C3334,3,33,0.7077203035354613,0.5857983231544495,0.35041436553001404,0.023220920562744107,0.5857983231544495,,,0,0,v8.3_esco_familias_funcionales,2025-11-28 20:37:50
2159169,Encargado de tienda - Unicenter,Adecco Argentina,"Martínez, Buenos Aires",Presencial,Full-time,6,35,http://data.europa.eu/esco/occupation/528f90ed-e250-48bd-aacc-ffb7b1de5654,vendedor especializado en tejidos/vendedora especializada en tejidos,C5223,5,52,0.6940489709377289,0.5991159081459045,0.32115209102630615,0.7687860965728761,0.5991159081459045,,,1,0,v8.3_esco_familias_funcionales,2025-11-28 20:37:50
2159623,ODONTOLOGOS,L'Altra Salud,"Moreno, Buenos Aires",Presencial,Full-time,23,2665,http://data.europa.eu/esco/occupation/8f8455a9-d2ac-4f1c-ac83-4f4aa82b1eb7,vendedor especializado en productos ortopédicos/vendedora especializada en productos ortopédicos,C5223,5,52,0.6746236503124237,0.5552813410758972,0.33615291118621826,0.5930396914482117,0.5552813410758972,,,0,1,v8.3_esco_familias_funcionales,2025-11-28 20:37:50
2159638,MEDICOS ESPECIALISTAS,L'Altra Salud,"Moreno, Buenos Aires",Presencial,Full-time,23,2570,http://data.europa.eu/esco/occupation/36494988-69d2-4420-9db4-eb56605ac983,enfermero de práctica avanzada/enfermera de práctica avanzada,C2221,2,22,0.6553662121295929,0.6925556659698486,0.28775694966316223,0.6334810256958008,0.6925556659698486,,,1,0,v8.3_esco_familias_funcionales,2025-11-28 20:37:50
2159935,Administrativo/a de Programa de Seguimiento de Pacientes,Confidencial,"Capital Federal, Buenos Aires",Híbrido,Full-time,23,2692,http://data.europa.eu/esco/occupation/1d6fbb43-f4c7-4839-8099-55eae5d424a5,asistente administrativo para campañas de recaudación de fondos/asistente administrativa para campañas de recaudación de fondos,C3343,3,33,0.7052897751331328,0.5657516121864319,0.3458704650402069,0.7635325431823732,0.5657516121864319,,,1,0,v8.3_esco_familias_funcionales,2025-11-28 20:37:50
2159990,ANALISTA SENIOR COMERCIO EXTERIOR / COMPRAS INTERNACIONALES / SUPPLY CHAIN,Confidencial,"Capital Federal, Buenos Aires",Presencial,Full-time,2,101,http://data.europa.eu/esco/occupation/d9632b0a-3c95-4a8a-a15c-c5413beda52e,director de importación y exportación de productos farmacéuticos/directora de importación y exportación de productos farmacéuticos,C1324,1,13,0.6873152494430541,0.3893103301525116,0.3896145224571228,0.5383431911468506,0.3893103301525116,,,0,1,v8.3_esco_familias_funcionales,2025-11-28 20:37:50
2160215,ESTUDIANTE AVANZADO DE DERECHO / ABOGADO JUNIOR- DERECHO CIVI Y COMERCIAL,Confidencial,"Capital Federal, Buenos Aires",Presencial,Full-time,13,28,http://data.europa.eu/esco/occupation/0264b794-3771-47aa-a675-78bf13b62ee7,empleado administrativo en el ámbito jurídico-legal/empleada administrativo en el ámbito jurídico-legal,C3342,3,33,0.6861834108829499,0.46946319937705994,0.3043648600578308,0.5613135099411011,0.46946319937705994,,,0,1,v8.3_esco_familias_funcionales,2025-11-28 20:37:50
2160680,Analista de Legales ( Laboralista),Confidencial,"Capital Federal, Buenos Aires",Híbrido,Full-time,13,28,http://data.europa.eu/esco/occupation/0264b794-3771-47aa-a675-78bf13b62ee7,empleado administrativo en el ámbito jurídico-legal/empleada administrativo en el ámbito jurídico-legal,C3342,3,33,0.68977130651474,0.6032611131668091,0.3287273049354553,0.6190628409385681,0.6032611131668091,,,1,0,v8.3_esco_familias_funcionales,2025-11-28 20:37:50
2160989,Customer Service & Operaciones con exp en Forwarder,Confidencial,"Capital Federal, Buenos Aires",Híbrido,Full-time,2,100,http://data.europa.eu/esco/occupation/4ea620f2-5c75-49ee-85a0-b2fb6bbf3624,director de operaciones en el sector del transporte por carretera/directora de operaciones en el sector del transporte por carretera,C1324,1,13,0.6898595213890075,0.3147488534450531,0.31703776121139526,0.6339362573623657,0.3147488534450531,,,1,0,v8.3_esco_familias_funcionales,2025-11-28 20:37:50
2161036,TORNERO OFICIAL PARA TORNO PARALELO PARA TALLER ZONA BARRACAS,Repuestos Velez Sarsfield S.R.L.,"Capital Federal, Buenos Aires",Presencial,Full-time,22,2610,http://data.europa.eu/esco/occupation/a273ec4c-96fd-48e5-9343-695a6bd08512,técnico de telar/técnica de telar,C8152,8,81,0.6970293462276458,0.3385482728481293,0.3320237696170807,0.642278509736061,0.3385482728481293,,,1,0,v8.3_esco_familias_funcionales,2025-11-28 20:37:50
2161041,Bioquímico Matriculado,LABORATORIO LER,"Capital Federal, Buenos Aires",Presencial,Full-time,23,2639,http://data.europa.eu/esco/occupation/0d93706d-32fd-4de3-aa08-be1003e325da,químico/química,C2113,2,21,0.7333772301673889,0.0,0.0,0.6233706456422805,0.0,,,1,0,v8.3_esco_familias_funcionales,2025-11-28 20:37:50
2161073,Coordinador Jurídico Contable,Swiss Medical,"Capital Federal, Buenos Aires",Híbrido,Full-time,1,58,http://data.europa.eu/esco/occupation/c3aae59e-1441-4b3e-bdd1-6da50dc7cf42,administrativo contable/administrativa contable,C3313,3,33,0.666163420677185,0.3725379407405853,0.2727057635784149,0.5093674659729004,0.3725379407405853,,,0,1,v8.3_esco_familias_funcionales,2025-11-28 20:37:50
2161080,Key Account/ Ingeniero industrial para negocios logisticos,Consultora Pilar Artigas RH,"Capital Federal, Buenos Aires",Presencial,Full-time,6,2559,http://data.europa.eu/esco/occupation/91d0f74b-8612-49cc-a7da-83ee3c4b94d9,ingeniero industrial especializado en artículos de piel y cuero/ingeniera industrial especializada en artículos de piel y cuero,C2141,2,21,0.741122269630432,0.33812135457992554,0.3260142207145691,0.07885606229305259,0.33812135457992554,,,0,0,v8.3_esco_familias_funcionales,2025-11-28 20:37:50
2161209,2do Cocinero Restó Gourmet,Confidencial,"Tigre, Buenos Aires",Presencial,Full-time,10,2350,http://data.europa.eu/esco/occupation/b9de6d8b-1cf6-4722-bf8c-d73aad03bf87,cocinero especializado en pescados y mariscos/cocinera especializada en pescados y mariscos,C5120,5,51,0.7036408722400664,0.5073624849319458,0.3096334934234619,0.5857288241386414,0.5073624849319458,,,0,1,v8.3_esco_familias_funcionales,2025-11-28 20:37:50
2161325,MECÁNICO PARA FÁBRICA DE BICICLETAS,SYMONDS SA,"Tigre, Buenos Aires",Presencial,Full-time,16,2602,http://data.europa.eu/esco/occupation/a645b7e5-dfa8-4cce-938f-2d6395a6b51d,técnico en fabricación de artículos de marroquinería/técnica en fabricación de artículos de marroquinería,C3119,3,31,0.6901760280132294,0.0,0.33608877658843994,0.6370629402995109,0.0,,,1,0,v8.3_esco_familias_funcionales,2025-11-28 20:37:50
2161511,Asesor Inmobiliario Century 21 Quilmes,C21 Sunset Real Estate SA,"Quilmes, Buenos Aires",Presencial,Full-time,6,35,http://data.europa.eu/esco/occupation/d261a6a4-7ea7-4295-a84e-f4b1a56990d7,agente inmobiliario especializado en alquiler de propiedades/agente inmobiliaria especializada en alquiler de propiedades,C3334,3,33,0.6609325110912323,0.2859179973602295,0.29625391960144043,0.6062307223677635,0.2859179973602295,,,1,0,v8.3_esco_familias_funcionales,2025-11-28 20:37:50
2161563,Dibujante Técnico /Proyectista,DIEGER SA,"Lanús Este, Buenos Aires",Presencial,Full-time,4,2330,http://data.europa.eu/esco/occupation/a4869ae9-2dfe-48cc-bd97-f803880f3407,dibujante técnico/dibujante técnica,C3118,3,31,0.8786282062530517,0.5725483298301697,0.0,0.6683334112167358,0.5725483298301697,,,1,0,v8.3_esco_familias_funcionales,2025-11-28 20:37:50
2161804,Analista de Riesgo de Crédito Capital Económico y Modelos de Scoring,Grupo Petersen,"Capital Federal, Buenos Aires",Híbrido,Full-time,1,2598,http://data.europa.eu/esco/occupation/e937449a-d9e0-4ab7-9ea5-4d3ac673be6d,analista de riesgos en aseguradoras,C3321,3,33,0.6986789286136627,0.41164734959602356,0.2517409920692444,0.5391724705696106,0.41164734959602356,,,0,1,v8.3_esco_familias_funcionales,2025-11-28 20:37:50
2161851,medico control ausentismo,FUNDACION MALDONADO,"Córdoba, Córdoba",Presencial,Full-time,23,93,http://data.europa.eu/esco/occupation/c2efadc4-6f47-4f34-997b-dd80aba609dd,coordinador educativo de actividades artísticas y culturales en museos y otros centros culturales/coordinadora educativa de actividades artísticas y culturales en museos y otros centros culturales,C2355,2,23,0.6387630343437194,0.2361462116241455,0.3122188448905945,0.5897814059257506,0.2361462116241455,,,0,1,v8.3_esco_familias_funcionales,2025-11-28 20:37:50
2161886,Analista Gestión de Calidad,Confidencial,"Moreno, Buenos Aires",Presencial,Full-time,16,84,http://data.europa.eu/esco/occupation/fdb16700-109e-4d02-949e-3213f278df93,director de control de calidad en industrias/directora de control de calidad en industrias,C1321,1,13,0.6980000138282776,0.6996822357177734,0.30497997999191284,0.6593708992004395,0.6996822357177734,,,1,0,v8.3_esco_familias_funcionales,2025-11-28 20:37:50
2161887,LIQUIDADORA DE SUELDOS,lcr consultora,"Ramos Mejía, Buenos Aires",Presencial,Full-time,17,2637,http://data.europa.eu/esco/occupation/aecb033a-2be8-459c-bbdc-87bbae922894,supervisor de trabajos en yeso y escayola/supervisora de trabajos en yeso y escayola,C3123,3,31,0.6719514787197112,0.6841484904289246,0.3362433910369873,0.6432594656944275,0.6841484904289246,,,1,0,v8.3_esco_familias_funcionales,2025-11-28 20:37:50
2161892,Visual Merchandiser,Confidencial,"Capital Federal, Buenos Aires",Presencial,Full-time,14,30,http://data.europa.eu/esco/occupation/aa9c6416-6a17-4e2f-a7c4-6d47c205d480,vendedor especializado en medicamentos y productos médicos/vendedora especializada en medicamentos y productos médicos,C5223,5,52,0.680336880683899,0.35177549719810486,0.3127323389053345,0.5121518969535828,0.35177549719810486,,,0,1,v8.3_esco_familias_funcionales,2025-11-28 20:37:50
2161954,Chef ejecutivo o Chef Pastelero para Catering de alta gama en Palermo,Pro Selection Group,"Capital Federal, Buenos Aires",Presencial,Full-time,10,2350,http://data.europa.eu/esco/occupation/bbaa1444-2c0a-4f76-8375-d72e3ea968fd,cocinero especializado en parrilla/cocinera especializada en parrilla,C5120,5,51,0.6811666011810302,0.6104239225387573,0.30697983503341675,0.6154508590698242,0.6104239225387573,,,1,0,v8.3_esco_familias_funcionales,2025-11-28 20:37:50
2161972,Invoice Processor (Analista Semi Senior de facturación y cobranzas) - Rubro: Fintech,Casin y Asociados,Buenos Aires,Remoto,Full-time,1,2592,http://data.europa.eu/esco/occupation/18d2b37a-9c31-4393-833e-bc2f7b1ce52a,analista de fusiones y adquisiciones,C2413,2,24,0.6696899950504303,0.6395806074142456,0.3192179203033447,0.022599065303802457,0.6395806074142456,,,0,0,v8.3_esco_familias_funcionales,2025-11-28 20:37:50
2162008,"Diseñador Industrial o Ingeniero recibido o cursando último año, con conocimiento en costos",Tecla SRL,"Hurlingham, Buenos Aires",Presencial,Full-time,31,2588,http://data.europa.eu/esco/occupation/8bc48c43-d976-458a-9e3c-ee784572351d,ingeniero en diseño de herramientas industriales/ingeniera en diseño de herramientas industriales,C2144,2,21,0.7330945312976836,0.5815600156784058,0.3529340624809265,0.634464681148529,0.5815600156784058,,,1,0,v8.3_esco_familias_funcionales,2025-11-28 20:37:50
2162020,Asistente Geriátrica,Lomas de Lavalle,"Temperley, Buenos Aires",Presencial,Full-time,23,2654,http://data.europa.eu/esco/occupation/3b2229b4-807c-482a-89ca-2d0a542be196,trabajador social para el ámbito gerontológico/trabajadora social para el ámbito gerontológico,C2635,2,26,0.7112268269062042,0.3980943262577057,0.33114755153656006,0.5479658842086792,0.3980943262577057,,,0,1,v8.3_esco_familias_funcionales,2025-11-28 20:37:50
2162072,CUSTOMER SERVICES FREIGHT FORWARDER Importación/ Exportación - Zona Olivos,Lic. Cecilia Corazza,"Olivos, Buenos Aires",Híbrido,Full-time,2,100,http://data.europa.eu/esco/occupation/bcc2c1db-f969-4355-bebf-4878ff6c2a94,director de servicios para los clientes/directora de servicios para los clientes,C1349,1,13,0.6966987669467926,0.7084803581237793,0.2909899055957794,0.6608405113220215,0.7084803581237793,,,1,0,v8.3_esco_familias_funcionales,2025-11-28 20:37:50
2162092,Agente coordinador con idiomas (portugués e inglés),Crossing World Group,"Capital Federal, Buenos Aires",Remoto,Full-time,25,2571,http://data.europa.eu/esco/occupation/56fa783a-cca4-42ef-8862-1fb6e43f215c,coordinador de operaciones de transporte internacional/coordinadora de operaciones de transporte internacional,C3331,3,33,0.7303668439388274,0.4132325053215027,0.3415408134460449,0.5646305084228516,0.4132325053215027,,,0,1,v8.3_esco_familias_funcionales,2025-11-28 20:37:50
2162119,Panadero/Pastelero con exp.,Betina Stancanelli,"Capital Federal, Buenos Aires",Presencial,Full-time,23,2657,http://data.europa.eu/esco/occupation/e83bf81f-c1d0-48e1-8533-7d65be8007c5,"director de distribución de azúcar, chocolate y productos de confitería/directora de distribución de azúcar, chocolate y productos de confitería",C1324,1,13,0.6863722324371337,0.607917845249176,0.31609538197517395,0.6179627776145935,0.607917845249176,,,1,0,v8.3_esco_familias_funcionales,2025-11-28 20:37:50
2162133,Especialista en Automatización y Control,Pablo Pecini,"San Nicolás de Los Arroyos, Buenos Aires",Híbrido,Full-time,30,2635,http://data.europa.eu/esco/occupation/276a4ff1-a67c-4677-9f20-dc85f1060e1b,técnico analista de administración y sistemas/técnica analista de administración y sistemas,C2413,2,24,0.6886685311794281,0.4406750500202179,0.3265639841556549,0.5532606840133667,0.4406750500202179,,,0,1,v8.3_esco_familias_funcionales,2025-11-28 20:37:50
2162218,DISEÑADOR GRAFICO Y MULTIMEDIA,HR Talento Humano,"Capital Federal, Buenos Aires",Presencial,Full-time,14,53,http://data.europa.eu/esco/occupation/d68ff35f-e34d-4e32-88ab-d6c06a6c25b9,diseñador de juegos digitales/diseñadora de juegos digitales,C2166,2,21,0.704378467798233,0.5973778963088989,0.3142482340335846,0.6225652098655701,0.5973778963088989,,,1,0,v8.3_esco_familias_funcionales,2025-11-28 20:37:50
2162220,Odontologo/Odontologa,Odontologia E-Dent,"General Pacheco, Buenos Aires",Presencial,Full-time,23,93,http://data.europa.eu/esco/occupation/1f31c047-3d72-45fe-83ff-91bd826913c6,operario de limpieza de alcantarillado/operaria de limpieza de alcantarillado,C9129,9,91,0.6794690132141112,0.678536057472229,0.30959296226501465,0.6421082615852356,0.678536057472229,,,1,0,v8.3_esco_familias_funcionales,2025-11-28 20:37:50
2162239,Brand Manager,Capital Humano,"Capital Federal, Buenos Aires",Híbrido,Full-time,14,30,http://data.europa.eu/esco/occupation/d9612966-e295-4d81-ba2b-9f36bad0b392,preparador empresarial/preparadora empresarial,C2424,2,24,0.6656130909919739,0.6835737228393555,0.3159233331680298,0.6378283500671387,0.6835737228393555,,,1,0,v8.3_esco_familias_funcionales,2025-11-28 20:37:50
2162240,Especialista en AIX/Linux – Infraestructura Soporte y Automatización,ThinkBig HR,"Capital Federal, Buenos Aires",Híbrido,Full-time,19,34,http://data.europa.eu/esco/occupation/ef909843-97c6-4c48-8038-2e7aefdfcad5,responsable de servicios informáticos en centros de salud,C1342,1,13,0.6974326074123383,0.5651684999465942,0.3216650187969208,0.6069502234458923,0.5651684999465942,,,1,0,v8.3_esco_familias_funcionales,2025-11-28 20:37:50
2162243,Cocinero/a,palmar resto,"Capital Federal, Buenos Aires",Presencial,Full-time,10,2350,http://data.europa.eu/esco/occupation/b9de6d8b-1cf6-4722-bf8c-d73aad03bf87,cocinero especializado en pescados y mariscos/cocinera especializada en pescados y mariscos,C5120,5,51,0.7539093494415283,0.6837407350540161,0.2990186810493469,0.6803528070449829,0.6837407350540161,,,1,0,v8.3_esco_familias_funcionales,2025-11-28 20:37:50
2162246,Auditor Interno SR,Medifé,"Capital Federal, Buenos Aires",Híbrido,Full-time,1,83,http://data.europa.eu/esco/occupation/76a1a76c-b014-4600-8901-56cb936de7ed,gestor auditor de TIC/gestora auditora de TIC,C2519,2,25,0.6640456080436706,0.6110177636146545,0.2977219521999359,0.6062021255493164,0.6110177636146545,,,1,0,v8.3_esco_familias_funcionales,2025-11-28 20:37:50
2162247,Analista Comercial para Importante Operador Logístico - Trabajo Remoto,de Elizalde - Desarrollo del Talento,"Capital Federal, Buenos Aires",Remoto,Full-time,6,2628,http://data.europa.eu/esco/occupation/6d03eaef-1ce5-4a1e-bb41-0908e1af1b65,analista de ocupaciones y del mercado de trabajo,C2423,2,24,0.6685775220394135,0.5408390164375305,0.3201517164707184,0.5826395153999329,0.5408390164375305,,,0,1,v8.3_esco_familias_funcionales,2025-11-28 20:37:50
2162269,Desarrollador Java con Experiencia,ICONO SA,"Mendoza, Mendoza",Presencial,Full-time,19,2621,http://data.europa.eu/esco/occupation/bd272aee-adc9-4a06-a15c-a73b4b4a46a7,desarrollador de aplicaciones de TIC/desarrolladora de aplicaciones de TIC,C2514,2,25,0.7065197110176087,0.3634808659553528,0.2695351839065552,0.5256057381629944,0.3634808659553528,,,0,1,v8.3_esco_familias_funcionales,2025-11-28 20:37:50
2162275,Contact center,Generación Talento,"Vicente López, Buenos Aires",Híbrido,Full-time,6,23,http://data.europa.eu/esco/occupation/2eac08c2-a81a-46fc-8d75-eb0e0f3e0f6d,director de ventas y de cuentas de clientes/directora de ventas y de cuentas de clientes,C1420,1,14,0.6703719615936279,0.4663126468658447,0.3200366199016571,0.5537146925926208,0.4663126468658447,,,0,1,v8.3_esco_familias_funcionales,2025-11-28 20:37:50
2162279,DESIGNER 3D,TRC,"Olivos, Buenos Aires",Híbrido,Full-time,31,24,http://data.europa.eu/esco/occupation/1d8f8111-79dd-41dc-aa2a-12f3192dde3c,diseñador de automóviles/diseñadora de automóviles,C2163,2,21,0.7194309771060943,0.44427400827407837,0.3177541494369507,0.5692005157470703,0.44427400827407837,,,0,1,v8.3_esco_familias_funcionales,2025-11-28 20:37:50
2162282,LIQUIDADOR DE SUELDOS,CLAHE EVENTOS S.R.L.,"Quilmes, Buenos Aires",Presencial,Full-time,17,2567,http://data.europa.eu/esco/occupation/068df7d1-516f-4829-b339-294cb0cf6318,diseñador de iluminación para espectáculos/diseñadora de iluminación para espectáculos,C2166,2,21,0.6589099287986755,0.48986998200416565,0.3177121877670288,0.5571742057800293,0.48986998200416565,,,0,1,v8.3_esco_familias_funcionales,2025-11-28 20:37:50
2162307,Responsable de Gestión de Calidad de Laboratorio de Análisis Clínicos,RMC - Selección de personal,"San Justo, Buenos Aires",Presencial,Full-time,23,2639,http://data.europa.eu/esco/occupation/45f8504d-24ac-4bcd-8692-a93acc74204c,técnico de laboratorio para el control de calidad de artículos de piel y cuero/técnica de laboratorio para el control de calidad de artículos de piel y cuero,C3119,3,31,0.7305473029613494,0.4804490804672241,0.283014178276062,0.5857546925544739,0.4804490804672241,,,0,1,v8.3_esco_familias_funcionales,2025-11-28 20:37:50
2162309,Asesor/a Comercial - Telemarketing,Ryes Ortodoncia,"El Talar, Buenos Aires",Presencial,Full-time,25,106,http://data.europa.eu/esco/occupation/1dd7c3cb-2d58-4dad-ae15-c9081174ab7e,director de comercialización y ventas por canales electrónicos/directora de comercialización y ventas por canales electrónicos,C1221,1,12,0.7398575842380524,0.62501060962677,0.29661980271339417,0.04959496259689328,0.62501060962677,,,0,0,v8.3_esco_familias_funcionales,2025-11-28 20:37:50
2162314,Coordinador Médico | Empresa de Servicios de Salud (Internación Domiciliaria),Palcare,"Capital Federal, Buenos Aires",Presencial,Full-time,23,2667,http://data.europa.eu/esco/occupation/c2efadc4-6f47-4f34-997b-dd80aba609dd,coordinador educativo de actividades artísticas y culturales en museos y otros centros culturales/coordinadora educativa de actividades artísticas y culturales en museos y otros centros culturales,C2355,2,23,0.6867283701896667,0.4335418939590454,0.332832396030426,0.35006420612335204,0.4335418939590454,,,0,0,v8.3_esco_familias_funcionales,2025-11-28 20:37:50
2162332,OPERARIO DE DEPOSITO,Importante Pyme,"Capital Federal, Buenos Aires",Presencial,Full-time,3,2638,http://data.europa.eu/esco/occupation/9388a977-6f79-4509-81aa-026bc49e1919,operario de línea de envasado y embotellado/operaria de línea de envasado y embotellado,C8183,8,81,0.7294510543346404,0.493856281042099,0.3436172902584076,0.5966297388076782,0.493856281042099,,,0,1,v8.3_esco_familias_funcionales,2025-11-28 20:37:50
2162371,Líder de Infraestructura Tecnológica & Soporte,Fundación H. A. Barceló,"AAB, Buenos Aires",Presencial,Full-time,19,2625,http://data.europa.eu/esco/occupation/a7c1d23d-aeca-4bee-9a08-5993ed98b135,desarrollador de sistemas de TIC/desarrolladora de sistemas de TIC,C2511,2,25,0.6971613705158233,0.6081864237785339,0.3188513517379761,0.6237404346466064,0.6081864237785339,,,1,0,v8.3_esco_familias_funcionales,2025-11-28 20:37:50
2162379,Supervisor de Cultivo Celular,CDV SA,"Pilar, Buenos Aires",Presencial,Full-time,23,2520,http://data.europa.eu/esco/occupation/ac036ea7-883a-4265-96d5-c02bbe6667e1,supervisor de establecimiento de acuicultura/supervisora de establecimiento de acuicultura,C3142,3,31,0.6718196272850037,0.6046668887138367,0.293419748544693,0.607118546962738,0.6046668887138367,,,1,0,v8.3_esco_familias_funcionales,2025-11-28 20:37:50
2162383,Gomero Balanceador,SAN JUAN 824 S.R.L.,"Capital Federal, Buenos Aires",Presencial,Full-time,22,2610,http://data.europa.eu/esco/occupation/98c429ad-128e-467e-803a-9a6dc1ceed72,encargado de la puesta a punto de los neumáticos/encargada de la puesta a punto de los neumáticos,C7231,7,72,0.7283265650272369,0.5465335845947266,0.30892854928970337,0.6136695742607117,0.5465335845947266,,,1,0,v8.3_esco_familias_funcionales,2025-11-28 20:37:50
2162398,Analista de Payroll,Confidencial,"Los Polvorines, Buenos Aires",Presencial,Full-time,17,48,http://data.europa.eu/esco/occupation/e937449a-d9e0-4ab7-9ea5-4d3ac673be6d,analista de riesgos en aseguradoras,C3321,3,33,0.7019217908382416,0.5614864826202393,0.3162258267402649,0.6071780920028687,0.5614864826202393,,,1,0,v8.3_esco_familias_funcionales,2025-11-28 20:37:50
2162401,Terapista Ocupacional,Karites Karites,"Capital Federal, Buenos Aires",Presencial,Full-time,23,2659,http://data.europa.eu/esco/occupation/a76a05bb-e04d-4be8-953e-1ffd691dd58d,trabajador social para el ámbito de la salud mental/trabajadora social para el ámbito de la salud mental,C2635,2,26,0.6936221122741699,0.7199095487594604,0.3167605996131897,0.6664509773254395,0.7199095487594604,,,1,0,v8.3_esco_familias_funcionales,2025-11-28 20:37:50
2162407,Técnico en Electrónica - Rubro Fitness,Fitness Company,"Villa Lynch, Buenos Aires",Presencial,Full-time,16,70,http://data.europa.eu/esco/occupation/1d70e660-1114-41c6-926a-053541460d88,técnico en reparación de material deportivo/técnica en reparación de material deportivo,C7319,7,73,0.7223247528076171,0.6037033200263977,0.31556499004364014,0.6342002153396606,0.6037033200263977,,,1,0,v8.3_esco_familias_funcionales,2025-11-28 20:37:50
2162411,Ejecutivo Comercial de Desarrollo de Negocios – Regalería Empresarial & Eventos,GRUPO DALMATA,"Capital Federal, Buenos Aires",Presencial,Full-time,6,2628,http://data.europa.eu/esco/occupation/1dd7c3cb-2d58-4dad-ae15-c9081174ab7e,director de comercialización y ventas por canales electrónicos/directora de comercialización y ventas por canales electrónicos,C1221,1,12,0.7241200745105743,0.6699619889259338,0.35337263345718384,0.06538208723068234,0.6699619889259338,,,0,0,v8.3_esco_familias_funcionales,2025-11-28 20:37:50
2162414,Estudiante de Administración o Administrativo Junior,Fitness Company,"Villa Lynch, Buenos Aires",Presencial,Full-time,1,22,http://data.europa.eu/esco/occupation/bac62d45-bb74-45fa-9b38-a3ebf2095212,letrado de la Administración de Justicia para gestión procesal y administrativa/letrada de la Administración de Justicia para gestión procesal y administrativa,C3411,3,34,0.7058458924293518,0.6206733584403992,0.2863783538341522,0.6298301219940186,0.6206733584403992,,,1,0,v8.3_esco_familias_funcionales,2025-11-28 20:37:50
2162420,Asesor de Repuestos Automotrices e Industriales,Rodinag,"Morón, Buenos Aires",Presencial,Full-time,25,2571,http://data.europa.eu/esco/occupation/98c429ad-128e-467e-803a-9a6dc1ceed72,encargado de la puesta a punto de los neumáticos/encargada de la puesta a punto de los neumáticos,C7231,7,72,0.7089970827102661,0.7451764941215515,0.26748737692832947,0.07931789159774777,0.7451764941215515,,,0,0,v8.3_esco_familias_funcionales,2025-11-28 20:37:50
2162427,Analista de Microbiología > Industria Farmacéutica,Confidencial,"Escobar, Buenos Aires",Presencial,Full-time,16,32,http://data.europa.eu/esco/occupation/45f8504d-24ac-4bcd-8692-a93acc74204c,técnico de laboratorio para el control de calidad de artículos de piel y cuero/técnica de laboratorio para el control de calidad de artículos de piel y cuero,C3119,3,31,0.6827622532844544,0.5501000285148621,0.30503594875335693,0.5919247269630432,0.5501000285148621,,,0,1,v8.3_esco_familias_funcionales,2025-11-28 20:37:50
2162438,Maquinista de servicios gráficos,Kappa Servicios Graficos SRL,"General San Martín, Buenos Aires",Presencial,Full-time,3,2638,http://data.europa.eu/esco/occupation/71a98a24-e02b-4ba6-b4df-6556d7ae98cc,operador de máquinas para la fabricación de artículos de papelería/operadora de máquinas para la fabricación de artículos de papelería,C8143,8,81,0.6558877944946289,0.447735071182251,0.33513838052749634,0.5405517816543579,0.447735071182251,,,0,1,v8.3_esco_familias_funcionales,2025-11-28 20:37:50
2162446,COMERCIAL EXTERIOR,consulting,"Capital Federal, Buenos Aires",Presencial,Full-time,6,23,http://data.europa.eu/esco/occupation/a632fb74-ef49-4f4a-9777-b7df54a0f897,operario de limpieza exterior de edificios/operaria de limpieza exterior de edificios,C7133,7,71,0.6645023882389068,0.3119608163833618,0.3134354054927826,0.6118423408269882,0.3119608163833618,,,1,0,v8.3_esco_familias_funcionales,2025-11-28 20:37:50
2162449,Recruiter freelance,Marcela Papaleo,,Remoto,Por Contrato,17,2565,http://data.europa.eu/esco/occupation/8d463763-5d38-4f47-903c-1c4df32141c1,consultor de ciudades inteligentes/consultora de ciudades inteligentes,C2421,2,24,0.6393474340438843,0.5004231333732605,0.2851465940475464,0.5483576655387878,0.5004231333732605,,,0,1,v8.3_esco_familias_funcionales,2025-11-28 20:37:50
2162455,COORDINADOR DEPOSITO,RUBEN CASTRO. Reclutamiento y Selección de RRHH,"Capital Federal, Buenos Aires",Presencial,Full-time,3,2638,http://data.europa.eu/esco/occupation/afcf9d03-6e51-4548-8cec-cfa50972929d,"director de importación y exportación de azúcar, chocolate y productos de confitería/directora de importación y exportación de azúcar, chocolate y productos de confitería",C1324,1,13,0.6923547327518462,0.5561404824256897,0.32499128580093384,0.6011326909065247,0.5561404824256897,,,1,0,v8.3_esco_familias_funcionales,2025-11-28 20:37:50
2162465,Analista de Siniestros Patrimoniales - CABA,National Brokers,"Capital Federal, Buenos Aires",Híbrido,Full-time,28,2410,http://data.europa.eu/esco/occupation/580c98d4-fb97-4597-864c-54140f058f1b,analista de calidad en centro de llamadas,C3341,3,33,0.6761493802070617,0.3487818241119385,0.2840001583099365,0.0173269969224929,0.3487818241119385,,,0,0,v8.3_esco_familias_funcionales,2025-11-28 20:37:50
2162473,ASISTENTE LEGAL ADMINISTRATIVO,ESTUDIO JJD,"Capital Federal, Buenos Aires",Presencial,Full-time,13,28,http://data.europa.eu/esco/occupation/0264b794-3771-47aa-a675-78bf13b62ee7,empleado administrativo en el ámbito jurídico-legal/empleada administrativo en el ámbito jurídico-legal,C3342,3,33,0.7040238678455353,0.542368471622467,0.30996599793434143,0.7499559164047243,0.542368471622467,,,1,0,v8.3_esco_familias_funcionales,2025-11-28 20:37:50
2162475,FRANQUERO - RECEPCION y BAR,Hotel Costa Rica,"Capital Federal, Buenos Aires",Presencial,Full-time,10,2400,http://data.europa.eu/esco/occupation/731ecac4-06e8-4ec2-a559-101fecbd9183,camarero de pisos/camarera de pisos,C9112,9,91,0.6576595962047577,0.6535956859588623,0.30204135179519653,0.6204721927642822,0.6535956859588623,,,1,0,v8.3_esco_familias_funcionales,2025-11-28 20:37:50
2162477,Ingeniero Mecánico / Eléctrico (Infraestructura de Acopio),Aceitera General Deheza,"General Deheza, Córdoba",Presencial,Full-time,30,2633,http://data.europa.eu/esco/occupation/b31e404e-9af6-457d-a58a-208f612eeba3,ingeniero técnico de mecánica/ingeniera técnica de mecánica,C3115,3,31,0.7418230175971985,0.6649034023284912,0.3255670666694641,0.6694296002388,0.6649034023284912,,,1,0,v8.3_esco_familias_funcionales,2025-11-28 20:37:50
2162478,Programador CNC - AUTOCAD,Matriceria CR srl,"Llavallol, Buenos Aires",Presencial,Full-time,19,2621,http://data.europa.eu/esco/occupation/6e5ceba0-df96-465f-adb4-2e06ae715d43,programador de control numérico de máquinas herramientas y procesos/programadora de control numérico de máquinas herramientas y procesos,C2514,2,25,0.714042741060257,0.6973007917404175,0.3038012683391571,0.6663218140602112,0.6973007917404175,,,1,0,v8.3_esco_familias_funcionales,2025-11-28 20:37:50
2162494,Analista de Networking - Mix (On site - Remoto) - Rosario - 1678,Aliantec,"Rosario, Santa Fe",Híbrido,Full-time,19,2622,http://data.europa.eu/esco/occupation/a6a0b60f-08da-4faa-bf54-942987efb471,analista de sistemas de TIC,C2511,2,25,0.704419982433319,0.5892046689987183,0.284665048122406,0.6163583993911743,0.5892046689987183,,,1,0,v8.3_esco_familias_funcionales,2025-11-28 20:37:50
2162500,SUPERVISORA DE MICROBIOLOGIA,Productos Farmacéuticos Dr. Gray S.A.C.I.,"Moreno, Buenos Aires",Presencial,Full-time,16,84,http://data.europa.eu/esco/occupation/f9cbdeb4-1559-4d45-b2d7-edf8aebe400b,supervisor de calidad en la acuicultura/supervisora de calidad en la acuicultura,C3142,3,31,0.7042196273803711,0.7553308010101318,0.3363572657108307,0.687877893447876,0.7553308010101318,,,1,0,v8.3_esco_familias_funcionales,2025-11-28 20:37:50
2162505,Analista de costos e inventario,Adecco Argentina,"San Isidro, Buenos Aires",Presencial,Full-time,1,58,http://data.europa.eu/esco/occupation/18d2b37a-9c31-4393-833e-bc2f7b1ce52a,analista de fusiones y adquisiciones,C2413,2,24,0.723888099193573,0.586993932723999,0.34389743208885193,0.031131350994110074,0.586993932723999,,,0,0,v8.3_esco_familias_funcionales,2025-11-28 20:37:50
2162518,Especialista en Infraestructura tecnológica,Colegio de Escribanos de la Pcia. de Buenos Aires,"La Plata, Buenos Aires",Presencial,Full-time,19,2625,http://data.europa.eu/esco/occupation/01989dd8-36c0-43cc-a82d-2bfc409de9c4,ingeniero especializado en desmantelamiento de equipos industriales y edificios/ingeniera especializada en desmantelamiento de equipos industriales y edificios,C2149,2,21,0.692179661989212,0.5513336658477783,0.3042670488357544,0.5970500111579895,0.5513336658477783,,,0,1,v8.3_esco_familias_funcionales,2025-11-28 20:37:50
2162519,Oficial Tornero CNC,maría alejandra di scala,"Tigre, Buenos Aires",Presencial,Full-time,22,2610,http://data.europa.eu/esco/occupation/6e5ceba0-df96-465f-adb4-2e06ae715d43,programador de control numérico de máquinas herramientas y procesos/programadora de control numérico de máquinas herramientas y procesos,C2514,2,25,0.6984203219413757,0.5770835876464844,0.32736775279045105,0.6127803921699524,0.5770835876464844,,,1,0,v8.3_esco_familias_funcionales,2025-11-28 20:37:50
2162520,Desarrollador Full Stack,Colegio de Escribanos de la Pcia. de Buenos Aires,"La Plata, Buenos Aires",Presencial,Full-time,19,2624,http://data.europa.eu/esco/occupation/bd272aee-adc9-4a06-a15c-a73b4b4a46a7,desarrollador de aplicaciones de TIC/desarrolladora de aplicaciones de TIC,C2514,2,25,0.6848196983337402,0.5943287014961243,0.2701447606086731,0.6071557998657227,0.5943287014961243,,,1,0,v8.3_esco_familias_funcionales,2025-11-28 20:37:50
2162524,Analista de Planeamiento Financiero - Semi Senior - copia,BDO,"Vicente López, Buenos Aires",Híbrido,Full-time,1,25,http://data.europa.eu/esco/occupation/6d03eaef-1ce5-4a1e-bb41-0908e1af1b65,analista de ocupaciones y del mercado de trabajo,C2423,2,24,0.6782889306545257,0.5680139660835266,0.2541840076446533,0.5917684435844421,0.5680139660835266,,,0,1,v8.3_esco_familias_funcionales,2025-11-28 20:37:50
2162529,Maquinista con Experiencia en Retroexcavadora,Confidencial,"Rosario, Santa Fe",Presencial,Full-time,16,32,http://data.europa.eu/esco/occupation/b0fa69b4-998c-4e66-acd3-5f5d73cadb5c,operario de máquinas de embalaje y llenado/operaria de máquinas de embalaje y llenado,C8183,8,81,0.7276832461357117,0.6428924798965454,0.347663938999176,0.6557649970054626,0.6428924798965454,,,1,0,v8.3_esco_familias_funcionales,2025-11-28 20:37:50
2162531,Liquidador de sueldos.,Confidencial,"Capital Federal, Buenos Aires",Híbrido,Full-time,17,48,http://data.europa.eu/esco/occupation/3e1a2f3c-20d6-4d33-aa6f-63cd2a32698d,tesorero de empresa/tesorera de empresa,C1211,1,12,0.6547753870487212,0.5607156157493591,0.3643094301223755,0.5881049036979675,0.5607156157493591,,,0,1,v8.3_esco_familias_funcionales,2025-11-28 20:37:50
2162532,ESTUDIANTE DE CONTADOR PUBLICO AVANZADO o RECIEN GRADUADO,"Calcagno, Rafael y Asociados","Capital Federal, Buenos Aires",Presencial,Full-time,1,58,http://data.europa.eu/esco/occupation/1d6fbb43-f4c7-4839-8099-55eae5d424a5,asistente administrativo para campañas de recaudación de fondos/asistente administrativa para campañas de recaudación de fondos,C3343,3,33,0.6720426261425019,0.7481963038444519,0.2946501076221466,0.6647648215293884,0.7481963038444519,,,1,0,v8.3_esco_familias_funcionales,2025-11-28 20:37:50
2162534,Arquitecto/Diseñador 3D,TRC,"Olivos, Buenos Aires",Presencial,Full-time,31,24,http://data.europa.eu/esco/occupation/1d8f8111-79dd-41dc-aa2a-12f3192dde3c,diseñador de automóviles/diseñadora de automóviles,C2163,2,21,0.7241976022720337,0.4250108301639557,0.30728161334991455,0.5628313422203064,0.4250108301639557,,,0,1,v8.3_esco_familias_funcionales,2025-11-28 20:37:50
2162536,Gerente Comercial,GRANJA 2 CUÑADOS S.A.,"Moreno, Buenos Aires",Presencial,Full-time,6,23,http://data.europa.eu/esco/occupation/9703fe09-51fd-4d00-a2a1-99ba809521ac,gerente de tienda de artículos deportivos y para actividades al aire libre,C1420,1,14,0.7221458733081818,0.5477803945541382,0.35504353046417236,0.6156893968582153,0.5477803945541382,,,1,0,v8.3_esco_familias_funcionales,2025-11-28 20:37:50
2162540,Analista de Comercio Exterior Senior,Confidencial,"Capital Federal, Buenos Aires",Presencial,Full-time,2,101,http://data.europa.eu/esco/occupation/f97dedb0-da68-4fc3-8bcc-3f4025ccacd3,especialista en importación y exportación de artículos de piel y cuero,C3331,3,33,0.6875417232513428,0.4227781593799591,0.3404560089111328,0.5469276905059814,0.4227781593799591,,,0,1,v8.3_esco_familias_funcionales,2025-11-28 20:37:50
2162543,Mucamos de Piso - Eventuales,Grupo del Buen Pastor,"Lomas del Mirador, Buenos Aires",Presencial,Full-time,23,93,http://data.europa.eu/esco/occupation/f8438d21-c726-4534-8d7c-1c5aa9ef05ef,operario de limpieza de cortinas y alfombras/operaria de limpieza de cortinas y alfombras,C9129,9,91,0.6744043469429015,0.5156663060188293,0.3408791720867157,0.5775566101074219,0.5156663060188293,,,0,1,v8.3_esco_familias_funcionales,2025-11-28 20:37:50
2162546,Analista de Siniestros Patrimoniales - CABA,National Brokers,"Capital Federal, Buenos Aires",Híbrido,Full-time,28,2410,http://data.europa.eu/esco/occupation/580c98d4-fb97-4597-864c-54140f058f1b,analista de calidad en centro de llamadas,C3341,3,33,0.6761493802070617,0.366668164730072,0.28598976135253906,0.0,0.366668164730072,,,0,0,v8.3_esco_familias_funcionales,2025-11-28 20:37:50
2162562,PERSONAL TECNICO para BLINDAJE DE AUTOS,ARMORING,"Vicente López, Buenos Aires",Presencial,Full-time,16,32,http://data.europa.eu/esco/occupation/b8db7ef4-4057-4e88-8e2a-105b4b59fb67,"técnico en sistemas de frenado, suspensión y dirección de automóviles/técnica en sistemas de frenado, suspensión y dirección de automóviles",C7231,7,72,0.7077594637870788,0.5940285921096802,0.37914180755615234,0.6294053196907043,0.5940285921096802,,,1,0,v8.3_esco_familias_funcionales,2025-11-28 20:37:50
2162571,Gerente de Sucursal-Grupo ILHSA (Librerías El Ateneo y Yenny) -USHUAIA,Librerías Yenny y El Ateneo,"Ushuaia, Tierra del Fuego",Presencial,Full-time,6,23,http://data.europa.eu/esco/occupation/d4dd502d-9407-456c-a54a-b733fc9cf68b,Gerente de tienda de cosmética y perfumería,C1420,1,14,0.6861997544765472,0.5676819086074829,0.3171498775482178,0.6018876433372498,0.5676819086074829,,,1,0,v8.3_esco_familias_funcionales,2025-11-28 20:37:50
2162576,Vendedor inmobiliario Freelancer,Metro Bienes Raices,"Capital Federal, Buenos Aires",Presencial,Full-time,6,23,http://data.europa.eu/esco/occupation/d9fb82d0-9b07-4c38-b8e2-d146ff8850b9,vendedor especializado en revestimientos de suelos y paredes/vendedora especializada en revestimientos de suelos y paredes,C5223,5,52,0.6922668457031249,0.6146646738052368,0.338295578956604,0.7758288621902467,0.6146646738052368,,,1,0,v8.3_esco_familias_funcionales,2025-11-28 20:37:50
2162589,Analista Sr. de Sueldos Beneficios y ADP (RRHH) - copia,AGRO Y TEC,"Capital Federal, Buenos Aires",Híbrido,Full-time,17,2637,http://data.europa.eu/esco/occupation/1fce1be0-bf52-449b-9a2b-3f2cc710290a,analista de compensaciones,C2423,2,24,0.6874198913574219,0.582084596157074,0.3087189495563507,0.007415676116943326,0.582084596157074,,,0,0,v8.3_esco_familias_funcionales,2025-11-28 20:37:50
2162598,HRBP Aluar Puerto Madryn,PILARES RRHH,"Puerto Madryn, Chubut",Presencial,Full-time,17,48,http://data.europa.eu/esco/occupation/26087cc4-6226-41b0-9f97-9564ebe90dce,empleado de guardarropa/empleada de guardarropa,C9629,9,96,0.6286820024251938,0.2543646991252899,0.27699708938598633,0.5759292654693127,0.2543646991252899,,,0,1,v8.3_esco_familias_funcionales,2025-11-28 20:37:50
2162599,Corrector,Colegio de Escribanos de la Pcia. de Buenos Aires,"La Plata, Buenos Aires",Presencial,Full-time,19,34,http://data.europa.eu/esco/occupation/42c769cd-4c60-4bac-94d2-29a492b82b74,corrector de textos taquigráficos de tribunales/correctora de textos taquigráficos de tribunales,C3343,3,33,0.6547464847564697,0.5901321172714233,0.25435590744018555,0.3888616442680359,0.5901321172714233,,,0,0,v8.3_esco_familias_funcionales,2025-11-28 20:37:50
2162600,Recruiter IT freelance,Marcela Papaleo,,Remoto,Full-time,17,48,http://data.europa.eu/esco/occupation/bd272aee-adc9-4a06-a15c-a73b4b4a46a7,desarrollador de aplicaciones de TIC/desarrolladora de aplicaciones de TIC,C2514,2,25,0.652989375591278,0.5182011127471924,0.3012681007385254,0.563901960849762,0.5182011127471924,,,0,1,v8.3_esco_familias_funcionales,2025-11-28 20:37:50
2162602,Liquidador de sueldos,ESTUDIO LAPASSET,"Lomas de Zamora, Buenos Aires",Presencial,Full-time,1,58,http://data.europa.eu/esco/occupation/53e61b71-60a3-4873-bc14-d6e28693818c,"director de distribución de textiles, productos textiles semielaborados y materias primas textiles/directora de distribución de textiles, productos textiles semielaborados y materias primas textiles",C1324,1,13,0.6672349452972411,0.5578668117523193,0.3530421853065491,0.39206843376159667,0.5578668117523193,,,0,0,v8.3_esco_familias_funcionales,2025-11-28 20:37:50
2162622,Mecánico Automotriz,Confidencial,"Bernal Oeste, Buenos Aires",Presencial,Full-time,3,29,http://data.europa.eu/esco/occupation/98c429ad-128e-467e-803a-9a6dc1ceed72,encargado de la puesta a punto de los neumáticos/encargada de la puesta a punto de los neumáticos,C7231,7,72,0.7204206049442291,0.6548291444778442,0.2870028614997864,0.6508422493934631,0.6548291444778442,,,1,0,v8.3_esco_familias_funcionales,2025-11-28 20:37:50
2162625,Auditor Interno,RIZOBACTER ARGENTINA S.A.,"Pergamino, Buenos Aires",Remoto,Full-time,1,83,http://data.europa.eu/esco/occupation/22987b58-dbfa-4ecd-ae3f-82dd209255f6,consultor de TIC verdes/consultora de TIC verdes,C2511,2,25,0.6425043016672134,0.40581896901130676,0.2824840545654297,0.5118281245231628,0.40581896901130676,,,0,1,v8.3_esco_familias_funcionales,2025-11-28 20:37:50
2162632,"Oportunidades en Gastronomía: Baristas, Ayudantes de Cocina y Camareros",KAVA,"Neuquén, Neuquén",Presencial,Full-time,10,2641,http://data.europa.eu/esco/occupation/b9de6d8b-1cf6-4722-bf8c-d73aad03bf87,cocinero especializado en pescados y mariscos/cocinera especializada en pescados y mariscos,C5120,5,51,0.6837436795234679,0.7066105604171753,0.2971000075340271,0.5042260646820068,0.7066105604171753,,,0,1,v8.3_esco_familias_funcionales,2025-11-28 20:37:50
2162655,Maquinista/operador con conocimiento en manipulación de alimentos.,alberto Berdun,"Haedo, Buenos Aires",Presencial,Full-time,16,32,http://data.europa.eu/esco/occupation/3b46ee4d-a220-4c83-ad90-937456596889,operario de máquina de fabricación de chicle/operaria de máquina de fabricación de chicle,C8160,8,81,0.7322102069854736,0.6079187393188477,0.3040551543235779,0.6396781206130981,0.6079187393188477,,,1,0,v8.3_esco_familias_funcionales,2025-11-28 20:37:50
2162666,Ing. Agrónomo Técnico-Comercial,Agustín Seisdedos,"General Villegas, Buenos Aires",Presencial,Full-time,6,35,http://data.europa.eu/esco/occupation/e1fdca51-a0e1-4bea-822f-82a090ece780,técnico consultor de explotaciones ganaderas/técnica consultora de explotaciones ganaderas,C2132,2,21,0.7074471235275268,0.222350612282753,0.29934749007225037,0.6462321785092353,0.222350612282753,,,1,0,v8.3_esco_familias_funcionales,2025-11-28 20:37:50
2162667,Gerente de Operaciones - Gastronomía corporativa y Facility management,Estudio Sánchez Salas & Asociados,"Neuquén, Neuquén",Presencial,Full-time,11,94,http://data.europa.eu/esco/occupation/4ea620f2-5c75-49ee-85a0-b2fb6bbf3624,director de operaciones en el sector del transporte por carretera/directora de operaciones en el sector del transporte por carretera,C1324,1,13,0.7001985967159271,0.6736850738525391,0.30047404766082764,0.649620771408081,0.6736850738525391,,,1,0,v8.3_esco_familias_funcionales,2025-11-28 20:37:50
2162668,Diseñador Gráfico / Creador de Contenido & Community Manager,CUBOUNO,"Capital Federal, Buenos Aires",Presencial,Full-time,31,2587,http://data.europa.eu/esco/occupation/d68ff35f-e34d-4e32-88ab-d6c06a6c25b9,diseñador de juegos digitales/diseñadora de juegos digitales,C2166,2,21,0.713929933309555,0.6923041939735413,0.328738272190094,0.6667605042457581,0.6923041939735413,,,1,0,v8.3_esco_familias_funcionales,2025-11-28 20:37:50
2162670,Redactor de Servicios,Sail Onyx,"Mar del Plata, Buenos Aires",Presencial,Full-time,30,59,http://data.europa.eu/esco/occupation/9c61bba4-56b7-4846-9f4e-b1f2decf3e7e,técnico de servicio de respuesta a señales de sistemas de alarma/técnica de servicio de respuesta a señales de sistemas de alarma,C5414,5,54,0.68491632938385,0.2747384309768677,0.3058987259864807,0.6280636888742446,0.2747384309768677,,,1,0,v8.3_esco_familias_funcionales,2025-11-28 20:37:50
2162687,Jefe de Relaciones Laborales Lab. Farmacéutico,LIGHTHOUSE SMART,"Capital Federal, Buenos Aires",Presencial,Full-time,17,2637,http://data.europa.eu/esco/occupation/a330b7b6-696e-455c-b6d5-f39f82c1489f,jefe de proyecto de sistemas de recirculación en acuicultura/jefa de proyecto de sistemas de recirculación en acuicultura,C2132,2,21,0.6665795683860778,0.44457387924194336,0.3028716444969177,0.3414064526557922,0.44457387924194336,,,0,0,v8.3_esco_familias_funcionales,2025-11-28 20:37:50
2162689,Personal de Atencion al Publico en Estacionamiento,Fundación La Salle,"Capital Federal, Buenos Aires",Presencial,Full-time,22,36,http://data.europa.eu/esco/occupation/1391bdf9-bd61-4fb5-91ca-c29036ab2b60,técnico de atención sociosanitaria a personas en el domicilio/técnica de atención sociosanitaria a personas en el domicilio,C5322,5,53,0.6743273973464965,0.43665215373039246,0.32570838928222656,0.544395387172699,0.43665215373039246,,,0,1,v8.3_esco_familias_funcionales,2025-11-28 20:37:50
2162698,Ayudante de Almacenes - Operadora de Gas y Petróleo,Estudio Sánchez Salas & Asociados,"Neuquén, Neuquén",Presencial,Full-time,3,2638,http://data.europa.eu/esco/occupation/1999bdfa-f9c4-4a0b-8565-0305108ca65e,asistente de secadero de pirotecnia,C8131,8,81,0.705913633108139,0.6190486550331116,0.31251269578933716,0.6318275332450867,0.6190486550331116,,,1,0,v8.3_esco_familias_funcionales,2025-11-28 20:37:50
2162701,Administrativa turno mañana para Laboratorio de análisis clínicos en Rivadavia Quilmes,Laboratorio Primera Junta,"Quilmes, Buenos Aires",Presencial,Full-time,1,22,http://data.europa.eu/esco/occupation/1d6fbb43-f4c7-4839-8099-55eae5d424a5,asistente administrativo para campañas de recaudación de fondos/asistente administrativa para campañas de recaudación de fondos,C3343,3,33,0.6624038696289063,0.6783876419067383,0.3399062752723694,0.78654762506485,0.6783876419067383,,,1,0,v8.3_esco_familias_funcionales,2025-11-28 20:37:50
2162702,Encargado de Logística y Abastecimiento,Esteban Lett,"Capital Federal, Buenos Aires",Presencial,Full-time,3,82,http://data.europa.eu/esco/occupation/625d316c-2b93-4a9c-ada2-b19efa7c611b,director de distribución de prendas de vestir y calzado/director de distribución de prendas de vestir y calzado,C1324,1,13,0.6964296042919158,0.5234901309013367,0.33495986461639404,0.0,0.5234901309013367,,,0,0,v8.3_esco_familias_funcionales,2025-11-28 20:37:50
2162711,Inspector de Control de Calidad,Empatía Laboral,"Pilar, Buenos Aires",Presencial,Full-time,16,84,http://data.europa.eu/esco/occupation/fdb16700-109e-4d02-949e-3213f278df93,director de control de calidad en industrias/directora de control de calidad en industrias,C1321,1,13,0.7362361371517181,0.728279709815979,0.2891753017902374,0.6883475184440613,0.728279709815979,,,1,0,v8.3_esco_familias_funcionales,2025-11-28 20:37:50
2162714,Técnico de Mantenimiento de Planta,galvanoplastia,"Bernal, Buenos Aires",Presencial,Full-time,16,70,http://data.europa.eu/esco/occupation/f31e25d0-8794-4f88-ac07-a229199c6f0f,técnico de mantenimiento de maquinaria para fabricar productos de piel y cuero/técnica de mantenimiento de maquinaria para fabricar productos de piel y cuero,C8156,8,81,0.7437418937683105,0.25978171825408936,0.2933746874332428,0.6761868128180503,0.25978171825408936,,,1,0,v8.3_esco_familias_funcionales,2025-11-28 20:37:50
2162715,RESPONSABLE DE FINANZAS - RUBRO GASTRONOMIA/ALIMENTOS,KOI BAR SRL,"Capital Federal, Buenos Aires",Presencial,Full-time,1,25,http://data.europa.eu/esco/occupation/ee5f8b2f-4b40-4426-8290-a6926ae4898b,director de distribución de carne y productos cárnicos/directora de distribución de carne y productos cárnicos,C1324,1,13,0.6784087777137756,0.5981650948524475,0.26426225900650024,0.6048966646194458,0.5981650948524475,,,1,0,v8.3_esco_familias_funcionales,2025-11-28 20:37:50
2162716,JEFE DE PRODUCCION - RUBRO ALIMENTICIO,KOI BAR SRL,"Capital Federal, Buenos Aires",Presencial,Full-time,16,32,http://data.europa.eu/esco/occupation/8e24c53a-9dc6-46d1-986b-48a93f20df2a,jefe de equipo de producción en horticultura/jefa de equipo de producción en horticultura,C6113,6,61,0.7274103283882141,0.6604070663452148,0.24487802386283875,0.6523557901382446,0.6604070663452148,,,1,0,v8.3_esco_familias_funcionales,2025-11-28 20:37:50
2162717,Personal Administrativo,TRES PUBLICIDAD,"Pinamar, Buenos Aires",Presencial,Full-time,1,22,http://data.europa.eu/esco/occupation/bac62d45-bb74-45fa-9b38-a3ebf2095212,letrado de la Administración de Justicia para gestión procesal y administrativa/letrada de la Administración de Justicia para gestión procesal y administrativa,C3411,3,34,0.6973451852798461,0.3589856028556824,0.3223404884338379,0.5245009064674377,0.3589856028556824,,,0,1,v8.3_esco_familias_funcionales,2025-11-28 20:37:50
2162722,MONIPORT - Empresa de Comercio Exterior busca incorporar “CADETE ADMINISTRATIVO”,Moniport,"Capital Federal, Buenos Aires",Presencial,Full-time,22,2606,http://data.europa.eu/esco/occupation/1d6fbb43-f4c7-4839-8099-55eae5d424a5,asistente administrativo para campañas de recaudación de fondos/asistente administrativa para campañas de recaudación de fondos,C3343,3,33,0.6752064287662505,0.4171575605869293,0.3495638072490692,0.689422631263733,0.4171575605869293,,,1,0,v8.3_esco_familias_funcionales,2025-11-28 20:37:50
2162729,Asesor Inmobiliario en CABA,Espósito Bienes Raíces,"Capital Federal, Buenos Aires",Híbrido,Full-time,6,23,http://data.europa.eu/esco/occupation/d261a6a4-7ea7-4295-a84e-f4b1a56990d7,agente inmobiliario especializado en alquiler de propiedades/agente inmobiliaria especializada en alquiler de propiedades,C3334,3,33,0.6966925799846648,0.45607811212539673,0.33120477199554443,0.5638980269432068,0.45607811212539673,,,0,1,v8.3_esco_familias_funcionales,2025-11-28 20:37:50
2162743,Ejecutivo/a de Ventas – Equipamiento de Telecomunicaciones,Tech One Net,"Lanús Oeste, Buenos Aires",Presencial,Full-time,6,23,http://data.europa.eu/esco/occupation/1dd7c3cb-2d58-4dad-ae15-c9081174ab7e,director de comercialización y ventas por canales electrónicos/directora de comercialización y ventas por canales electrónicos,C1221,1,12,0.7372009813785552,0.6398738622665405,0.3188648223876953,0.056436502933502164,0.6398738622665405,,,0,0,v8.3_esco_familias_funcionales,2025-11-28 20:37:50
2162745,BARISTA CON EXPERIENCIA PARA CAFETERIA DE ESPECIALIDAD,BALTUS,"Córdoba, Córdoba",Presencial,Full-time,10,2350,http://data.europa.eu/esco/occupation/f3d2074e-3f44-45b0-b896-5ee5629a23c1,"especialista en importación y exportación de café, té, cacao y especias",C3331,3,33,0.689902240037918,0.44937843084335327,0.2999448776245117,0.5546969771385193,0.44937843084335327,,,0,1,v8.3_esco_familias_funcionales,2025-11-28 20:37:50
2162758,Analista de Datos Transporte y Logística Córdoba,idearhumano,"Córdoba, Córdoba",Presencial,Full-time,19,2647,http://data.europa.eu/esco/occupation/6d03eaef-1ce5-4a1e-bb41-0908e1af1b65,analista de ocupaciones y del mercado de trabajo,C2423,2,24,0.7363293111324309,0.5822027921676636,0.0,0.6010457873344421,0.5822027921676636,,,1,0,v8.3_esco_familias_funcionales,2025-11-28 20:37:50
2162759,Abogado/a Corporativo Comercial Laboral,Grupo Taraborelli,"Capital Federal, Buenos Aires",Presencial,Full-time,13,28,http://data.europa.eu/esco/occupation/f874980a-e08f-4a58-bc21-2ff3cf472ec5,representante de servicio de alquiler de automóviles y vehículos ligeros,C5249,5,52,0.6689374566078186,0.5709930062294006,0.25382277369499207,0.0,0.5709930062294006,,,0,0,v8.3_esco_familias_funcionales,2025-11-28 20:37:50
2162762,ANALISTA SR DE SEGURIDAD INFORMATICA,Obra Social Luis Pasteur,"Capital Federal, Buenos Aires",Híbrido,Full-time,19,2623,http://data.europa.eu/esco/occupation/c7ad889f-10fc-4346-b740-bd479ad82b47,trabajador/trabajadora social en educación sanitaria y promoción de la salud,C3253,3,32,0.6468640446662903,0.23978270590305328,0.3018833100795746,0.0,0.23978270590305328,,,0,0,v8.3_esco_familias_funcionales,2025-11-28 20:37:50
2162763,Billing Accounts Receivable Analyst - Rubro: Fintech,Casin y Asociados,Buenos Aires,Remoto,Full-time,1,2643,http://data.europa.eu/esco/occupation/5e4d156a-1f05-4b2c-b0f0-5abb82d52ed6,empleado bancario especializado en asesoramiento sobre cuentas bancarias/empleada bancaria especializada en asesoramiento sobre cuentas bancarias,C3312,3,33,0.683499401807785,0.5221289396286011,0.31649863719940186,0.5822511315345764,0.5221289396286011,,,0,1,v8.3_esco_familias_funcionales,2025-11-28 20:37:50
2162768,Técnico Radiólogo,Cemepla,"Capital Federal, Buenos Aires",Presencial,Part-time,23,2652,http://data.europa.eu/esco/occupation/7d092380-1c2e-48fe-81de-0d191b4e96d6,técnico en imagen para diagnóstico/técnica en imagen para diagnóstico,C2269,2,22,0.6734249353408813,0.3145354688167572,0.31399446725845337,0.6195103651285171,0.3145354688167572,,,1,0,v8.3_esco_familias_funcionales,2025-11-28 20:37:50
2162769,Maquinista con Experiencia en Retroexcavadora,jitsa,"Rosario, Santa Fe",Presencial,Full-time,16,70,http://data.europa.eu/esco/occupation/24677ef2-512c-4f4a-bc1c-14bf374e9f22,ingeniero especializado en equipos de rotación/ingeniera especializada en equipos de rotación,C2144,2,21,0.6959585309028625,0.6181637048721313,0.29936540126800537,0.6251813173294067,0.6181637048721313,,,1,0,v8.3_esco_familias_funcionales,2025-11-28 20:37:50
2162774,Recepcionista turnante para hotel 4* Recoleta CABA,HOTEL WILTON,"Capital Federal, Buenos Aires",Presencial,Full-time,10,2400,http://data.europa.eu/esco/occupation/61ed67cd-67d7-44d8-bc2d-47fc79110a59,coordinador de reservas de taxis/coordinadora de reservas de taxis,C4323,4,43,0.6696892261505127,0.6725714802742004,0.29291099309921265,0.4331643462181091,0.6725714802742004,,,0,0,v8.3_esco_familias_funcionales,2025-11-28 20:37:50
2162786,Asesor Comercial automotriz,Grupo Taraborelli,"San Miguel, Buenos Aires",Presencial,Full-time,6,23,http://data.europa.eu/esco/occupation/099a901f-91a7-4d26-af2e-f385247dcf20,vendedor de piezas de repuesto de automóviles/vendedora de piezas de repuesto de automóviles,C5223,5,52,0.6778992772102356,0.45977553725242615,0.2820739150047302,0.5510672330856324,0.45977553725242615,,,0,1,v8.3_esco_familias_funcionales,2025-11-28 20:37:50
2162788,Comercial de Ventas Especialista en Telecomunicaciones,Tech One Net,"Lanús Oeste, Buenos Aires",Presencial,Full-time,6,35,http://data.europa.eu/esco/occupation/1dd7c3cb-2d58-4dad-ae15-c9081174ab7e,director de comercialización y ventas por canales electrónicos/directora de comercialización y ventas por canales electrónicos,C1221,1,12,0.7379104435443877,0.609391450881958,0.30387067794799805,0.04309883117675778,0.609391450881958,,,0,0,v8.3_esco_familias_funcionales,2025-11-28 20:37:50
2162792,UX Designer / Product Designer Sr. (p/ importante empresa Tech),SOLUTIX S.A.,"Capital Federal, Buenos Aires",Híbrido,Full-time,19,105,http://data.europa.eu/esco/occupation/c52129d9-4656-4ce8-ba13-8a72a51d5400,ingeniero técnico en desarrollo de productos especializado en diseño/ingeniera técnica en desarrollo de productos especializada en diseño,C3118,3,31,0.7155264556407928,0.3956279158592224,0.35570499300956726,0.5515848994255066,0.3956279158592224,,,0,1,v8.3_esco_familias_funcionales,2025-11-28 20:37:50
2162802,Asesor Comercial Automotriz / Administrativo,cg group,"Lomas de Zamora, Buenos Aires",Presencial,Full-time,6,23,http://data.europa.eu/esco/occupation/fd4b90ed-6bb4-447e-b13a-afb8015700b3,asesor comercial para venta de productos relacionados con la energía solar/asesora comercial para venta de productos relacionados con la energía solar,C2433,2,24,0.697646552324295,0.5322788953781128,0.2821751534938812,0.0,0.5322788953781128,,,0,0,v8.3_esco_familias_funcionales,2025-11-28 20:37:50
2162807,Arquitecto/Diseñador 3D,TRC,"Olivos, Buenos Aires",Presencial,Full-time,31,24,http://data.europa.eu/esco/occupation/1d8f8111-79dd-41dc-aa2a-12f3192dde3c,diseñador de automóviles/diseñadora de automóviles,C2163,2,21,0.726076728105545,0.38109090924263,0.3033808171749115,0.5458128452301025,0.38109090924263,,,0,1,v8.3_esco_familias_funcionales,2025-11-28 20:37:50
2162812,Analista Programador,DON YEYO S.A.,"Chacabuco, Buenos Aires",Presencial,Full-time,19,2621,http://data.europa.eu/esco/occupation/a6a0b60f-08da-4faa-bf54-942987efb471,analista de sistemas de TIC,C2511,2,25,0.6950583815574646,0.6702922582626343,0.29369115829467773,0.04501523971557614,0.6702922582626343,,,0,0,v8.3_esco_familias_funcionales,2025-11-28 20:37:50
2162816,Profesor/a Online Community Manager,Centro educativo MAB,"Lomas de Zamora, Buenos Aires",Presencial,Full-time,9,120,http://data.europa.eu/esco/occupation/034cad59-e666-4770-a7ef-a337257f8072,profesor de educación secundaria para alumnado con necesidades educativas especiales/profesora de educación secundaria para alumnado con necesidades educativas especiales,C2352,2,23,0.6996835112571715,0.622958242893219,0.25856631994247437,0.6248816251754761,0.622958242893219,,,1,0,v8.3_esco_familias_funcionales,2025-11-28 20:37:50
2162818,Mecánico/Gomero AMBA,Confidencial,"Capital Federal, Buenos Aires",Presencial,Full-time,6,35,http://data.europa.eu/esco/occupation/98c429ad-128e-467e-803a-9a6dc1ceed72,encargado de la puesta a punto de los neumáticos/encargada de la puesta a punto de los neumáticos,C7231,7,72,0.7146820247173309,0.6195799112319946,0.31546440720558167,0.6367194056510925,0.6195799112319946,,,1,0,v8.3_esco_familias_funcionales,2025-11-28 20:37:50
2162820,Hemoterapista o Biotecnólogo con interés comercial,Fresenius Kabi S.A,"Córdoba, Córdoba",Presencial,Full-time,23,2520,http://data.europa.eu/esco/occupation/0f845e64-de8b-431e-9fe3-1bccf8e1c5b9,especialista en calidad de los productos farmacéuticos,C2262,2,22,0.630304080247879,0.4022139012813568,0.2687230706214905,0.0,0.4022139012813568,,,0,0,v8.3_esco_familias_funcionales,2025-11-28 20:37:50
2162826,Encargado/a de Bar – BEHIND (Palermo),Confidencial,"Capital Federal, Buenos Aires",Presencial,Full-time,10,2350,http://data.europa.eu/esco/occupation/e31c83ac-cb74-4936-88f1-90ed0997b29b,encargado de entretenimiento y recreo/encargada de entretenimiento y recreo,C9629,9,96,0.6824377357959748,0.43234550952911377,0.37269818782806396,0.551426887512207,0.43234550952911377,,,0,1,v8.3_esco_familias_funcionales,2025-11-28 20:37:50
2162827,Despachante Junior. CABA,MJ Consultores,"Capital Federal, Buenos Aires",Presencial,Full-time,2,101,http://data.europa.eu/esco/occupation/6e785f05-969e-4940-aedb-d0f896bb0230,despachador de vuelo/despachadora de vuelo,C4323,4,43,0.6654260218143463,0.6077182292938232,0.3646894097328186,0.6122692227363586,0.6077182292938232,,,1,0,v8.3_esco_familias_funcionales,2025-11-28 20:37:50
2162828,Editor de Videos & Diseñador con manejo de Redes Sociales,Framingham,"Capital Federal, Buenos Aires",Presencial,Full-time,31,2587,http://data.europa.eu/esco/occupation/d68ff35f-e34d-4e32-88ab-d6c06a6c25b9,diseñador de juegos digitales/diseñadora de juegos digitales,C2166,2,21,0.6886227786540984,0.6233479380607605,0.2980175316333771,0.6234523057937622,0.6233479380607605,,,1,0,v8.3_esco_familias_funcionales,2025-11-28 20:37:50
2162841,Analista de Evaluación Curricular,Fundación H. A. Barceló,"AAB, Buenos Aires",Presencial,Full-time,9,120,http://data.europa.eu/esco/occupation/c2efadc4-6f47-4f34-997b-dd80aba609dd,coordinador educativo de actividades artísticas y culturales en museos y otros centros culturales/coordinadora educativa de actividades artísticas y culturales en museos y otros centros culturales,C2355,2,23,0.6895258963108062,0.04887589067220688,0.31846895813941956,0.6338673555850982,0.04887589067220688,,,1,0,v8.3_esco_familias_funcionales,2025-11-28 20:37:50
2162842,Oficial Mecánica Pesada – Sector Naval / Industrial,Campasi,"Campana, Buenos Aires",Presencial,Full-time,22,36,http://data.europa.eu/esco/occupation/01989dd8-36c0-43cc-a82d-2bfc409de9c4,ingeniero especializado en desmantelamiento de equipos industriales y edificios/ingeniera especializada en desmantelamiento de equipos industriales y edificios,C2149,2,21,0.731660360097885,0.5614776611328125,0.327915221452713,0.6232127547264099,0.5614776611328125,,,1,0,v8.3_esco_familias_funcionales,2025-11-28 20:37:50
2162863,Hemoterapista o Biotecnólogo con interés comercial - Rosario / Santa Fé,Fresenius Kabi S.A,"Rosario, Santa Fe",Presencial,Full-time,23,2520,http://data.europa.eu/esco/occupation/0f845e64-de8b-431e-9fe3-1bccf8e1c5b9,especialista en calidad de los productos farmacéuticos,C2262,2,22,0.643067067861557,0.44243523478507996,0.2853298783302307,0.0,0.44243523478507996,,,0,0,v8.3_esco_familias_funcionales,2025-11-28 20:37:50
2162868,Chef y Mozos/as,ELLA,"Capital Federal, Buenos Aires",Presencial,Full-time,10,2350,http://data.europa.eu/esco/occupation/b9de6d8b-1cf6-4722-bf8c-d73aad03bf87,cocinero especializado en pescados y mariscos/cocinera especializada en pescados y mariscos,C5120,5,51,0.710545915365219,0.7039623856544495,0.3085818290710449,0.6677160263061523,0.7039623856544495,,,1,0,v8.3_esco_familias_funcionales,2025-11-28 20:37:50
2162877,Analista de abastecimiento para planta productiva,SELECTA,"General Pacheco, Buenos Aires",Presencial,Full-time,3,82,http://data.europa.eu/esco/occupation/219d1c30-3849-4de3-b0d6-07da187b6521,analista de costes de fabricación,C2421,2,24,0.7099252820014954,0.5671110153198242,0.3324545621871948,0.6150525212287903,0.5671110153198242,,,1,0,v8.3_esco_familias_funcionales,2025-11-28 20:37:50
2162893,Administrativa/o para Cementerio en Zona Sur.,JARDIN DEL PILAR,"Florencio Varela, Buenos Aires",Presencial,Full-time,1,22,http://data.europa.eu/esco/occupation/9ab0f0db-1128-4050-becd-b09db5eabdaa,empleado administrativo de archivos/empleada administrativa de archivos,C4415,4,44,0.697451937198639,0.41751840710639954,0.3587528169155121,0.10160862207412713,0.41751840710639954,,,0,0,v8.3_esco_familias_funcionales,2025-11-28 20:37:50
2162903,"Vendedor/a de Local con experiencia en materiales de construcción, zona Laferrere (Zona Oeste GBA)",People Process,"Gregorio de Laferrere, Buenos Aires",Presencial,Full-time,6,35,http://data.europa.eu/esco/occupation/4a13bafa-a2ac-4864-a278-176ea5969280,"representante técnico de ventas de equipo de ferretería, fontanería y calefacción/representante técnica de ventas de equipo de ferretería, fontanería y calefacción",C2433,2,24,0.704737377166748,0.615084171295166,0.3610849380493164,0.03451087474822995,0.615084171295166,,,0,0,v8.3_esco_familias_funcionales,2025-11-28 20:37:50
2162911,Auxiliar de Marketing Online y página Web,Karabitian Carlos,"Córdoba, Córdoba",Presencial,Full-time,14,30,http://data.europa.eu/esco/occupation/1dd7c3cb-2d58-4dad-ae15-c9081174ab7e,director de comercialización y ventas por canales electrónicos/directora de comercialización y ventas por canales electrónicos,C1221,1,12,0.6816953063011169,0.5940981507301331,0.3000193238258362,0.40848885774612426,0.5940981507301331,,,0,0,v8.3_esco_familias_funcionales,2025-11-28 20:37:50
2162924,Médicos generalistas y especialistas para Internación Domiciliaria (Todas las localidades),Cigna Salud,"Lanús Este, Buenos Aires",Presencial,Full-time,23,2570,http://data.europa.eu/esco/occupation/8d3e8aaa-791b-4c75-a465-f3f827028f50,enfermero responsable de cuidados generales/enfermera responsable de cuidados generales,C2221,2,22,0.6707438707351685,0.3805517852306366,0.3133563995361328,0.5189282894134521,0.3805517852306366,,,0,1,v8.3_esco_familias_funcionales,2025-11-28 20:37:50
2162928,Encargado/a de Bar,Confidencial,"Capital Federal, Buenos Aires",Presencial,Full-time,10,2350,http://data.europa.eu/esco/occupation/e31c83ac-cb74-4936-88f1-90ed0997b29b,encargado de entretenimiento y recreo/encargada de entretenimiento y recreo,C9629,9,96,0.6841500878334045,0.345073401927948,0.3343549966812134,0.6316808241605758,0.345073401927948,,,1,0,v8.3_esco_familias_funcionales,2025-11-28 20:37:50
2162939,Capataz de planta,Maria Eugenia Mangone,"Capital Federal, Buenos Aires",Presencial,Full-time,22,36,http://data.europa.eu/esco/occupation/b0fa69b4-998c-4e66-acd3-5f5d73cadb5c,operario de máquinas de embalaje y llenado/operaria de máquinas de embalaje y llenado,C8183,8,81,0.6870033144950867,0.6058863997459412,0.35240232944488525,0.6210964322090149,0.6058863997459412,,,1,0,v8.3_esco_familias_funcionales,2025-11-28 20:37:50
2162945,ODONTOLOGO/A,Confidencial,"Capital Federal, Buenos Aires",Presencial,Part-time,23,2665,http://data.europa.eu/esco/occupation/a580e79a-b752-49c1-b033-b5ab2b34bfba,dentista especializado/dentista especializada,C2261,2,22,0.7244455933570861,0.5170016288757324,0.31294071674346924,0.6003174781799316,0.5170016288757324,,,1,0,v8.3_esco_familias_funcionales,2025-11-28 20:37:50
2162952,Vendedor Especialista en Motos (c/experiencia) - copia,Pandit People Solutions,"Quilmes, Buenos Aires",Presencial,Full-time,6,35,http://data.europa.eu/esco/occupation/399afb40-d58b-4f4a-aa52-a0378fccaf65,vendedor especializado en mascotas y comida para mascotas/vendedora especializada en mascotas y comida para mascotas,C5223,5,52,0.6930967450141907,0.49133172631263733,0.31006312370300293,0.7240873813629152,0.49133172631263733,,,1,0,v8.3_esco_familias_funcionales,2025-11-28 20:37:50
2162954,Sanitarista - Plomero,Confidencial,"Capital Federal, Buenos Aires",Presencial,Full-time,4,2390,http://data.europa.eu/esco/occupation/c7ad889f-10fc-4346-b740-bd479ad82b47,trabajador/trabajadora social en educación sanitaria y promoción de la salud,C3253,3,32,0.6833220839500427,0.18895314633846283,0.34317728877067566,0.6323003646731377,0.18895314633846283,,,1,0,v8.3_esco_familias_funcionales,2025-11-28 20:37:50
2162955,Encargado calificado para líneas de envasado,NOGADA SA,"San Antonio de Areco, Buenos Aires",Presencial,Full-time,16,32,http://data.europa.eu/esco/occupation/9388a977-6f79-4509-81aa-026bc49e1919,operario de línea de envasado y embotellado/operaria de línea de envasado y embotellado,C8183,8,81,0.7409236431121826,0.5569532513618469,0.3560774028301239,0.6288508772850037,0.5569532513618469,,,1,0,v8.3_esco_familias_funcionales,2025-11-28 20:37:50
2162956,Técnico Eléctrico y Mecánico de Montaje Industrial,VENTOSELECT S. R. L.,"El Jagüel, Buenos Aires",Presencial,Full-time,16,70,http://data.europa.eu/esco/occupation/d44c5eb0-fc6c-4f4a-9850-f2f29aaac505,montador de equipos electromecánicos/montadora de equipos electromecánicos,C8212,8,82,0.7325665295124053,0.7333101630210876,0.2675181031227112,0.686359167098999,0.7333101630210876,,,1,0,v8.3_esco_familias_funcionales,2025-11-28 20:37:50
2162960,BUSCAMOS MANICURISTA (con formación en cosmetología/cosmiatría),Bruma Club,"Capital Federal, Buenos Aires",Presencial,Full-time,22,2627,http://data.europa.eu/esco/occupation/5a940ae0-3fa4-40f9-8ca4-17bf792da243,peluquero de animales/peluquera de animales,C5164,5,51,0.6677377998828887,0.4948697090148926,0.3450499176979065,0.5663217902183533,0.4948697090148926,,,0,1,v8.3_esco_familias_funcionales,2025-11-28 20:37:50
2162963,Abogado Jr. de Litigios Civiles y Comerciales,"Perez Alati, Grondona, Benites y Arntsen","Capital Federal, Buenos Aires",Presencial,Full-time,13,28,http://data.europa.eu/esco/occupation/0264b794-3771-47aa-a675-78bf13b62ee7,empleado administrativo en el ámbito jurídico-legal/empleada administrativo en el ámbito jurídico-legal,C3342,3,33,0.6533996522426605,0.6795467734336853,0.2920105755329132,0.6277195811271667,0.6795467734336853,,,1,0,v8.3_esco_familias_funcionales,2025-11-28 20:37:50
2162967,Ingeniero de Soporte de Telecomunicaciones,Cirion Technologies,"Capital Federal, Buenos Aires",Híbrido,Full-time,19,107,http://data.europa.eu/esco/occupation/d07e6a57-a339-4cfd-bf22-a951713148a3,encargado de mantenimiento de equipos de telecomunicaciones/encargada de mantenimiento de equipos de telecomunicaciones,C7422,7,74,0.6762718200683593,0.528306782245636,0.2782692313194275,0.5772855281829834,0.528306782245636,,,0,1,v8.3_esco_familias_funcionales,2025-11-28 20:37:50
2162997,Generalista de Recursos Humanos,Antonela Rolsing,"Tortuguitas, Buenos Aires",Presencial,Full-time,17,2637,http://data.europa.eu/esco/occupation/8d3e8aaa-791b-4c75-a465-f3f827028f50,enfermero responsable de cuidados generales/enfermera responsable de cuidados generales,C2221,2,22,0.6955844759941101,0.6603917479515076,0.3234789967536926,0.6442968845367432,0.6603917479515076,,,1,0,v8.3_esco_familias_funcionales,2025-11-28 20:37:50
2163018,Chofer profesional,Logistica Transpallets SAS,"General Rodríguez, Buenos Aires",Presencial,Full-time,3,109,http://data.europa.eu/esco/occupation/c5d779f4-345b-4918-872b-a1cbaeb1d9be,conductor de camión de transporte de mercancías peligrosas/conductora de camión de transporte de mercancías peligrosas,C8332,8,83,0.729939341545105,0.7221182584762573,0.35907942056655884,0.689724862575531,0.7221182584762573,,,1,0,v8.3_esco_familias_funcionales,2025-11-28 20:37:50
2163024,Asesora Comercial - Wellness & Fitness Premium,WayOn,"Capital Federal, Buenos Aires",Híbrido,Full-time,6,35,http://data.europa.eu/esco/occupation/fd4b90ed-6bb4-447e-b13a-afb8015700b3,asesor comercial para venta de productos relacionados con la energía solar/asesora comercial para venta de productos relacionados con la energía solar,C2433,2,24,0.6729681372642516,0.5288016200065613,0.2965814471244812,0.0,0.5288016200065613,,,0,0,v8.3_esco_familias_funcionales,2025-11-28 20:37:50
2163025,Administrador/a de consorcios con Matrícula en PBA,ConectaTalento,"Moreno, Buenos Aires",Presencial,Full-time,11,94,http://data.europa.eu/esco/occupation/0a3c2d5b-e1f9-4200-9288-62bf3fed3310,administrador de cuentas de socios/administradora de cuentas de socios,C4110,4,41,0.7086628794670105,0.7096882462501526,0.31492626667022705,0.6696993708610535,0.7096882462501526,,,1,0,v8.3_esco_familias_funcionales,2025-11-28 20:37:50
2163028,Administrativo de Repuesto / Rubro automotor,SVA SACIFI,"Vicente López, Buenos Aires",Presencial,Full-time,22,36,http://data.europa.eu/esco/occupation/099a901f-91a7-4d26-af2e-f385247dcf20,vendedor de piezas de repuesto de automóviles/vendedora de piezas de repuesto de automóviles,C5223,5,52,0.6843661308288573,0.3884073793888092,0.3183058202266693,0.5293766260147095,0.3884073793888092,,,0,1,v8.3_esco_familias_funcionales,2025-11-28 20:37:50
2163029,Mucamo/a Ciudadela,Nefra Medical Care,"Ciudadela, Buenos Aires",Presencial,Full-time,22,2609,http://data.europa.eu/esco/occupation/066a9d8f-3948-409c-a3cf-ed8ed37cfe22,empleado de la sala de curado/empleada de la sala de curado,C7516,7,75,0.6824359774589539,0.6237438917160034,0.29565614461898804,0.6202811598777771,0.6237438917160034,,,1,0,v8.3_esco_familias_funcionales,2025-11-28 20:37:50
2163032,Analista de Datos Jr.,SELECTA,"Pilar, Buenos Aires",Presencial,Part-time,1,22,http://data.europa.eu/esco/occupation/30ca97f4-a4fd-4189-a781-ac08f6b09b78,analista de datos en centro de llamadas,C3341,3,33,0.7252756416797637,0.5977979302406311,0.3820514976978302,0.6399621367454529,0.5977979302406311,,,1,0,v8.3_esco_familias_funcionales,2025-11-28 20:37:50
