id_oferta,id_empresa,titulo,empresa,descripcion,confidencial,localizacion,modalidad_trabajo,tipo_trabajo,fecha_publicacion_original,fecha_publicacion_iso,fecha_publicacion_datetime,fecha_hora_publicacion_original,fecha_hora_publicacion_iso,fecha_hora_publicacion_datetime,fecha_modificado_original,fecha_modificado_iso,fecha_modificado_datetime,cantidad_vacantes,apto_discapacitado,id_area,id_subarea,id_pais,logo_url,empresa_validada,empresa_pro,promedio_empresa,plan_publicacion_id,plan_publicacion_nombre,portal,tipo_aviso,tiene_preguntas,salario_obligatorio,alta_revision_perfiles,guardado,gptw_url,url_oferta,scrapeado_en
1118028911,2073200.0,Accounts Payables Staff Accountant,GI GROUP Argentina,"Tu futuro, nuestra pasión.Somos una consultora de Recursos Humanos de origen italiano con más de 15 años en el país. Aportamos valor en la selección y tercerización responsable de recursos humanos.Trabajamos con empresas de primera línea, generalmente internacionales, buscando perfiles profesionales, técnicos y de alta gerencia. Proveemos servicios de seleccón, personal eventual y tercerización. Somos #SIMPLES / HUMANOS / EXPERTOSVÁLIDO PARA NUESTROS AVISOS EN CIUDAD DE BUENOS AIRES:Búsqueda laboral equitativa. El empleador solo podrá solicitarle la información estrictamente necesaria para el desempeño en el trabajo que se ofrece (Ley 6471). We are seeking a hands-on and detail-oriented Accounts Payable Accountant to join the Finance Team of a consumer goods company. In this role, you will be responsible for ensuring the accuracy, timeliness, and efficiency of all accounts payable operations, while supporting broader accounting activities such as month-end close, reconciliations, and financial reporting. You will collaborate closely with cross-functional teams, including Accounting, Sales, and Operations, to ensure transparency and consistency across financial processes. This role requires both technical accounting knowledge and a process-oriented mindset to help strengthen internal controls, enhance accuracy, and streamline workflows.What you will do: Ensure efficient and accurate operations in accounts payable. Prepare journal entries and account reconciliations. Execute month-end and year-end close processes. Analyze financial information and summarize financial status. Prepare financial statements. Assist with tax audits and tax returns. Spot errors and suggest ways to improve efficiency and spending. Participate in financial standards setting and in the forecast process. Collaborate closely with Accounting, Sales, and Operations teams to ensure accuracy, timeliness, and transparency. Partner with other Staff Accountants and cross-functional teams to maintain accurate and timely reporting. Support internal and external audits with necessary documentation and insights. Participate in the development and documentation of business processes and accounting policies to maintain and strengthen internal controls. Ensure compliance with GAAP principles. Requisitos: 5+ years of experience in accounting-related activities. Solid accounting knowledge, including credits, debits, general ledger, and cost/profit centers. Strong understanding and analytical skills regarding P&L and Balance Sheet accounts. Advanced proficiency in Excel and Google Sheets, including Vlookups and pivot tables. In-depth knowledge of NetSuite and proficiency in other accounting software preferred. Excellent analytical skills and attention to detail. Proven ability to work independently and collaboratively across departments. A hands-on attitude and a drive to build efficient processes from the ground up. Bachelor's degree in Accounting, Finance, or a related field. English knowledge. Beneficios Remote work (in person twice a month) Paid in USD Medical coverage (OSDE 210 for employee, spouse and dependents) 3 weeks of paid vacation Be part of a mission-driven company that's making a real difference, work with a passionate and collaborative team, opportunity to grow and develop your skills in a fast-paced environment.",False,"Capital Federal, Buenos Aires",Remoto,Full-time,31-10-2025,2025-10-31,2025-10-31T00:00:00-03:00,31-10-2025 12:37:38,,,31-10-2025 12:37:38,,,1,False,1,58,1,https://imgbum.jobscdn.com/portal/img/empresas/1/static/logoMainPic_2073200_bum_v6d4c351c.jpg,True,False,3.35,2001,Freemium,bumeran,freemium,False,False,False,,,https://www.bumeran.com.ar/empleos/1118028911.html,2025-10-31T13:24:43.055298
1118028906,319880.0,Operario/a de Acondicionamiento,Randstad Argentina,"¡Esta propuesta te puede interesar! Para importante laboratorio en Pilar estamos buscando Operarios/as de Acondicionamiento Maquinista de equipos automáticos y semi-automáticos. Realizar cambios de formato, ajustes, puesta a punto y preparación de máquinas. Limpieza de equipos, despiece y armado. Operar y controlar equipos de producción atendiendo el proceso conforme a normas. Realizar controles de proceso y cumplimentar documentación operativa. Control de materiales. Conciliaciones. Rotulación. Informar anomalías y desvío. Participar en el entrenamiento de nuevos operadores. • Contribuir con el cumplimiento de la producción, siguiendo las normas de calidad correspondientes. • Interpretar instrucciones de manufactura, realizar controles de procesos y completar datos requeridos en la documentación correspondiente. • Realizar tareas de limpieza y sanitización. • Cumplimiento de procedimientos operativos vigentes. • Control en procesos de procesos de envasado y acondicionamiento (control de peso, aspecto, volumen útil) Requisitos: Secundario Completo (con analítico en mano o el mismo en trámite), se valorarán aquellos con orientación técnica. En lo posible con experiencia en Acondicionamiento (puede ser rubro farma, cosmética, alimenticia, más que todo por el conocimiento en normas GMP). Disponibilidad para los 3 turnos TM: de 06hs a 14:30hs | TT: 13:30hs a 22hs | TN: 22hs a 06hs Si consideras que reunís los requisitos para el puesto y te gustan los desafíos, no lo dudes…. ¡Postulate! Sobre Randstad En Randstad nos moviliza ayudar a las personas y a las organizaciones a desarrollar todo su potencial. Ese es el compromiso que asumimos como compañía en todo el mundo, un compromiso que nos impulsa a ir más allá para lograr que nuestros clientes y candidatos alcancen el éxito. ¿Cómo lo hacemos?, combinando nuestra pasión por las personas con el poder de la tecnología, creando experiencias más humanas, que nos permitan ser una fuente de inspiración y apoyo para quienes nos eligen. Porque estamos convencidos de que mejores personas hacen mejores.",False,"Pilar, Buenos Aires",Presencial,Full-time,31-10-2025,2025-10-31,2025-10-31T00:00:00-03:00,31-10-2025 12:33:49,,,31-10-2025 12:33:49,,,1,False,16,70,1,https://imgbum.jobscdn.com/portal/img/empresas/1/static/logoMainPic_319880_bum_vff58225f.jpg,False,False,4.28,70,Simples,bumeran,simple,True,False,False,,,https://www.bumeran.com.ar/empleos/1118028906.html,2025-10-31T13:24:43.055399
1118028901,13286672.0,Abogado/a Junior Derecho Laboral,"Marval, O´Farrell Mairal","Marval O’Farrell Mairal es el estudio jurídico líder en el país con reconocimiento a nivel mundial, asesorando hace más de 100 años a empresas multinacionales e instituciones internacionales, en asuntos de alto grado de exigencia y complejidad. Buscamos construir un lugar de trabajo de excelencia, innovador, con programas de eficiencia y prácticas que fomentan al equilibrio y bienestar de nuestros profesionales. Marval O’Farrell Mairal es el estudio jurídico líder en el país con reconocimiento a nivel mundial, asesorando hace más de 100 años a empresas multinacionales e instituciones internacionales, en asuntos de alto grado de exigencia y complejidad. Buscamos construir un lugar de trabajo de excelencia, innovador, con programas de eficiencia y prácticas que fomentan al equilibrio y bienestar de nuestros profesionales. Nos encontramos en la búsqueda de un Abogado/a Junior para sumar al equipo de Derecho Laboral del estudio. Requisitos: Estudiante graduado de la carrera de Abogacía. Nivel de Inglés avanzado. Buscamos una persona proactiva, comprometida, con atención al detalle y destacadas habilidades de comunicación y trabajo en equipo, con ganas de aprender y crecer en un entorno dinámico y desafiante. Beneficios Modelo de trabajo híbrido. Vacaciones: Se contabilizarán como días hábiles. ‍️ Marval Day: Contás con media jornada libre al mes. ️‍️ WellHub (GymPass) – Plan Gold Curso de perfeccionamiento de Inglés Beneficios exclusivos con Banco Galicia Frutas y snacks en la oficina. ‍️ Torneos de Fútbol, Padel y Running Team Lactario y Licencia extendida por paternidad Estacionamiento para Bicicletas y monopatines ¿Qué te ofrecemos?Formar parte de una organización en constante crecimiento, con un ambiente dinámico, colaborativo y enfocado en el desarrollo profesional de cada integrante. Valoramos la diversidad y la inclusión como pilares fundamentales para la construcción de equipos innovadores y eficientes. Fomentamos una cultura organizacional en la que cada persona es reconocida por su talento y potencial, asegurando condiciones de equidad y transparencia en todos nuestros procesos de selección.Si cumplís con estos requisitos y estás listo/a para el desafío, ¡te estamos esperando, súmate a Marval O´Farrell Mairal!",False,"Capital Federal, Buenos Aires",Híbrido,Full-time,31-10-2025,2025-10-31,2025-10-31T00:00:00-03:00,31-10-2025 12:30:13,,,31-10-2025 12:30:13,,,1,True,13,28,1,https://imgbum.jobscdn.com/portal/img/empresas/1/static/logoMainPic_13286672_bum_v44fb1194.jpg,False,False,,2001,Freemium,bumeran,freemium,False,False,False,,,https://www.bumeran.com.ar/empleos/1118028901.html,2025-10-31T13:24:43.055467
1118028898,,Analista Contable,Confidencial,"Para Country ClubPrincipales tareas:- Liquidación de Declaración Jurada de IVA e Ingresos Brutos, confección D.J. Ret. Y Percepciones de Suss, IVA e Ingresos Brutos.- Registración de devengamientos mensuales, conciliaciones de cuentas contables.- Cumplimiento de obligaciones laborales y previsionales de prestadores.- Recepción de oficios judiciales y envío de información al estudio jurídico.- Actualización de tablero de contratos, gestionando las renovaciones con el estudio jurídico.- Elaboración de reportes y estadísticas para la toma de decisiones.- Colaborará con el área de facturación/cobranzas en caso de licencias o necesidad puntual.Requisitos:- Nos orientamos a estudiantes o graduados de la carrera de Cs Economicas o carreras afines. (Excluyente)- Experiencia en posiciones adminsitrativas contables.- Excelentes habilidades de comunicación y relaciones interpersonales.- Residir en Del Viso o zonas aledañas, (Excluyente)Condiciones ofrecidas:Horario: Lunes a viernes de 8.30 hs a 17:00 hs. y sábados de 8.30 a 12:30 hs. Modalidad PresencialLugar: Del Viso, Buenos AiresRemuneración y beneficios: Remuneración y beneficios acordes, Prepaga diferencial.",True,"Del Viso, Buenos Aires",Presencial,Full-time,31-10-2025,2025-10-31,2025-10-31T00:00:00-03:00,31-10-2025 12:27:50,,,31-10-2025 12:27:50,,,1,False,1,58,1,,,,,1020,Aviso Talento,bumeran,talento,True,False,False,,,https://www.bumeran.com.ar/empleos/1118028898.html,2025-10-31T13:24:43.055504
1118026302,13392518.0,RESPONSABLE DE COMPRAS,bacope,"RESPONSABLE DE COMPRAS- Gestionar compras según requerimientos de producción y mantenimiento - Seguimiento y estado de pedidos- Negociar precios, condiciones de pago y plazos de entrega con proveedores - Controlar inventarios y coordinar con el área de depósito y producción- Mantener actualizada la base de datos de proveedores - Elaborar reportes de gestión y control de costos - Planificación de compras estrégicas y proyeciones de abastecimiento en conjunto con la dirección. REQUISITOS- EXPERIENCIA COMPROBABLE. - CONOCIMIENTOS EN GESTIÓN DE STOCK Y PLANIFICACIÓN DE MATERIALES - ACTITUD PROACTIVA Y RESPONSABILIDAD- CAPACIDAD PARA TRABAJAR EN EQUIPO, ALTA RESOLUCIÓN Y RESPUESTA INMEDIATA ANTE NECESIDADES. - PRESENCIAL - JORNADA LABORAL: LUNES A VIERNES DE 8 A 1 7 HS",False,"Lomas de Zamora, Buenos Aires",Presencial,Full-time,31-10-2025,2025-10-31,2025-10-31T00:00:00-03:00,31-10-2025 12:27:26,,,31-10-2025 12:27:26,,,1,False,3,56,1,,False,False,,2001,Freemium,bumeran,freemium,False,False,False,,,https://www.bumeran.com.ar/empleos/1118026302.html,2025-10-31T13:24:43.055541
1118028891,980230.0,auxiliar contable,External Market,"External Market SRL se encuentra en la búsqueda de un Administrativo Contable para sus oficinas de Munro. La búsqueda está orientada a estudiantes avanzados o graduados de carreras de Contador, Economía, proactivos, con iniciativa y un gran nivel de compromiso y responsabilidad.Serán algunas de sus responsabilidades: Gestión integral de caja diaria y fondos fijos Administración de cobranzas, pagos y depósitos bancarios Control y registro de facturas, proveedores y padrones Análisis de cuentas contables para cierres y balances Emisión de pagos, notas de débito y planillas de descuentos Conciliaciones bancarias Manejo de cheques (depósito, rechazos, devoluciones)Requisitos: Licenciatura en Contabilidad o un campo de estudio relacionado (no excluyente) 1- 2 años de experiencia trabajando en Contabilidad Fuertes habilidades de comunicación escrita y verbal Altamente orientado a los detallesOfrecemos: Jornada laboral: Lunes a viernes de 8: 3 0 a 1 7: 3 0hs. Semi presencial. Celular. Bono anual por objetivos.Te esperamos!",False,"Munro, Buenos Aires",Presencial,Full-time,31-10-2025,2025-10-31,2025-10-31T00:00:00-03:00,31-10-2025 12:24:23,,,31-10-2025 12:24:23,,,1,False,1,58,1,,False,False,,70,Simples,bumeran,simple,False,False,False,,,https://www.bumeran.com.ar/empleos/1118028891.html,2025-10-31T13:24:43.055576
1118028890,945060.0,ANALISTA DE PAGO A PROVEEDORES - VICENTE LOPEZ,Asoko Tempo SA,"Nos encontramos en la búsqueda de un Analista de Pago a Proveedores para sumar al equipo de Administración y Finanzas de importante empresa ubicada en la zona de Vicente López.🔥Tareas a desarrollar: Controlar facturas, órdenes de compra y remitos. Programar y ejecutar pagos locales e internacionales en bancos y plataformas electrónicas. Registrar las operaciones en el sistema de gestión. Mantener actualizadas las cuentas a pagar, conciliando saldos con proveedores y sistemas internos. Resolver diferencias en facturas, notas de crédito y débitos. Aplicar correctamente retenciones y percepciones impositivas (IVA, Ganancias, IIBB, SUSS, etc.). Proveer información de vencimientos y compromisos de pago para la elaboración del cashflow. Hacer seguimiento de la salida de fondos en bancos, especialmente de operaciones de Comex. Informar alertas tempranas de posibles descalces de caja. Mantener comunicación con proveedores, informando el estado de facturas y pagos. Proveer información de cuentas a pagar para reportes de gestión y auditorías.Requisitos para la posición: Formación en Administración de Empresas, Contabilidad, Finanzas o afines. (No excluyente) Experiencia mínima de 2 a 3 años en puesto similar. Manejo de herramientas contables y sistemas de gestión ERP. Conocimiento en medios de pago electrónicos, normativa bancaria y conciliaciones bancarias. Será un plus conocer el circuito y la normativa para los pagos de Comex. Perfil comprometido, responsable y con facilidad para el trabajo en equipo. Residir en zona.⏰Horario: full time de lunes a viernes - 100 % presencial.🏢Lugar de trabajo: Vicente López💰Se ofrece: sueldo + prepagaIncorporación inmediata.Pöstulate!!!",False,"Vicente López, Buenos Aires",Presencial,Full-time,31-10-2025,2025-10-31,2025-10-31T00:00:00-03:00,31-10-2025 12:22:12,,,31-10-2025 12:22:46,,,1,False,1,58,1,https://imgbum.jobscdn.com/portal/img/empresas/1/static/logoMainPic_945060_bum_v5125d27a.jpg,True,False,3.27,70,Simples,bumeran,simple,False,False,False,,,https://www.bumeran.com.ar/empleos/1118028890.html,2025-10-31T13:24:43.055637
1118028887,13277993.0,Account Executive (Hunter),Consultora D'Amelio,"Cuenta Demo de Hiring Room, el software de reclutamiento y selección para profesionales hiperconectados.https://hiringroom.com/ Prueba demo Descripción del puesto: Account Executive (Hunter)Estamos en la búsqueda de un Account Executive (Hunter) para unirse a nuestro equipo en la ubicación de Capital Federal, Capital Federal, Argentina. Enfocado en el área de Comercial, Ventas y Negocios, este puesto de jerarquía Junior tiene como principal función la prospección y captación de nuevos clientes.El candidato ideal deberá contar con una mentalidad orientada a resultados y habilidades de negociación para lograr cierres exitosos. Además, será responsable de identificar oportunidades de negocio, elaborar propuestas comerciales y mantener una constante comunicación con los clientes.Buscamos a alguien en proceso de educación Universitaria, que cuente con una actitud proactiva y ganas de aprender. La modalidad de trabajo es Híbrida, combinando la presencialidad en la oficina con la flexibilidad del trabajo remoto, en un entorno dinámico y colaborativo.Si te consideras una persona ambiciosa, con habilidades interpersonales desarrolladas y una pasión por las ventas, ¡te estamos buscando! Únete a nuestro equipo y sé parte de un ambiente de trabajo desafiante y en constante crecimiento. Requisitos:",False,"Capital Federal, Buenos Aires",Híbrido,Full-time,31-10-2025,2025-10-31,2025-10-31T00:00:00-03:00,31-10-2025 12:21:33,,,31-10-2025 12:21:33,,,1,False,6,35,1,,False,False,,1020,Aviso Talento,bumeran,talento,False,False,False,,,https://www.bumeran.com.ar/empleos/1118028887.html,2025-10-31T13:24:43.055676
1118028876,13239079.0,Analista SSr de Comunicación Copywriter,Hanseatica Compañía de Seguros,"Hanseatica, una de las aseguradoras líderes en Latinoamérica en seguros de transporte, ofrece seguros integrales diseñados para proteger lo que más valoran las empresas y las personas, ofreciendo soluciones que garantizan la protección de sus activos, fortalecen su capacidad para enfrentar imprevistos y ayudan a construir un futuro más seguro y próspero.Las soluciones que ofrece se adaptan a las necesidades específicas de cada cliente, e incluyen: seguros de transporte de mercaderías, seguros de contenedores, seguros de cascos de embarcaciones comerciales, seguros integrales de consorcios y comercios, seguros de responsabilidad civil, seguros contra incendios, seguros técnicos, seguros de caución, seguro de embarcaciones de placer y seguros combinado familiar. Estamos sumando talento al equipo de Marketing de Hanseatica En Hanseatica, compañía aseguradora líder en soluciones para empresas en constante evolución, buscamos una persona apasionada por las palabras, con pensamiento estratégico y sensibilidad por el lenguaje. Queremos sumar a alguien que domine el arte del copywriting y del UX writing, y que sepa transformar conceptos técnicos en mensajes claros, relevantes y con impacto real. La persona que ocupe este rol será clave para potenciar el posicionamiento de nuestra marca en diferentes países de Latinoamérica, alineado con nuestra identidad verbal y los nuevos entornos de visibilidad en inteligencia artificial. ¿Qué vas a hacer? Diseñar y redactar mensajes clave para múltiples canales y públicos: emails, campañas, landing pages, redes sociales, prensa, contenidos institucionales, guiones, ebooks, presentaciones, entre otros. Impulsar la visibilidad de Hanseatica en buscadores (SEO/AEO) y motores de IA, aplicando buenas prácticas de redacción semántica. Desarrollar y actualizar perfiles digitales de voceros y referentes de la compañía. Idear contenidos técnicos y educativos sobre seguros de transporte, comercio exterior, logística y otros ramos estratégicos. Adaptar y corregir textos generados por otras áreas, asegurando consistencia con nuestra voz de marca. Colaborar con equipos de diseño, PR, performance y estrategia en campañas integradas. Requisitos: ¿Qué buscamos? Graduado/a en Comunicación, Periodismo, Letras, Publicidad o afines. Experiencia de 2 a 3 años en roles similares. Inglés avanzado (excluyente). Excelente redacción técnica y creativa. Conocimiento y experiencia práctica comprobable en el uso de herramientas de IA (ChatGPT, Gemini, Claude, entre otros.), y capacidad para diseñar prompts efectivos. Conocimiento y experiencia práctica comprobable en la implementación de estrategias de SEO/AEO, performance marketing, redes sociales y herramientas de colaboración. Deseable: experiencia previa en aseguradoras, logística o comercio exterior. Beneficios ¿Qué ofrecemos? Plan de formación continua y oportunidades reales de crecimiento. Entorno dinámico, profesional y colaborativo. Remuneración competitiva. ️ Almuerzo en la oficina a cargo de la empresa. Snacks saludables y café libre. Día de cumpleaños libre. ‍️ Pausas activas y bienestar laboral. Modalidad híbrida 3x2 (onboarding 100% presencial). En Hanseatica creemos en la comunicación que inspira, informa y transforma. Si sentís que esta búsqueda es para vos, esperamos tu postulación",False,"Capital Federal, Buenos Aires",Híbrido,Full-time,31-10-2025,2025-10-31,2025-10-31T00:00:00-03:00,31-10-2025 12:13:55,,,31-10-2025 12:13:55,,,1,True,14,30,1,,True,False,,2001,Freemium,bumeran,freemium,False,False,False,,,https://www.bumeran.com.ar/empleos/1118028876.html,2025-10-31T13:24:43.055767
1118028874,,Búsqueda Laboral: Coordinador de Tráfico – Zona Tortuguitas,Confidencial,"Importante PyME industrial, ubicada en Tortuguitas, se encuentra en la búsqueda de un Coordinador de Tráfico para liderar la operación de transporte, tanto de flota propia (4 semis y 3 camionetas) como de transporte tercerizado.Buscamos una persona proactiva, analítica y con iniciativa, que aporte ideas de mejora y optimización en los procesos del área.🔧 Principales responsabilidades Planificar y coordinar la logística de tráfico y la asignación de unidades propias y de terceros. Supervisar el seguimiento satelital diario de todas las unidades. Optimizar recursos, tiempos de entrega y costos operativos. Confeccionar hojas de ruta y realizar el ruteo eficiente de los transportes. Contratar y gestionar servicios de transporte tercerizado. Ser nexo entre las áreas de Comercial, Logística y Administración. Controlar consumo de combustible, kilometraje y mantenimiento de unidades. Gestionar y controlar la documentación habilitante de unidades y conductores (VTV, seguros, licencias, etc.). Brindar soporte en procesos de auditoría documental. Elaborar informes y reportes de productividad para la Gerencia.🎯 Requisitos Experiencia mínima de 4 años en posiciones similares de coordinación de tráfico o transporte. Conocimientos en: Logística de tráfico y gestión operativa. Seguimiento satelital. Paquete Office (Excel intermedio/avanzado). Administración de bases de datos y documentación del sector. Perfil con capacidad de organización, liderazgo operativo y comunicación fluida con choferes y proveedores. Residencia en zonas cercanas a Tortuguitas. Disponibilidad para trabajar de lunes a viernes de 8 a 17 hs (horario a confirmar).",True,"Tortuguitas, Buenos Aires",Presencial,Full-time,31-10-2025,2025-10-31,2025-10-31T00:00:00-03:00,31-10-2025 12:11:54,,,31-10-2025 12:11:54,,,1,False,3,29,1,,,,,70,Simples,bumeran,simple,False,False,False,,,https://www.bumeran.com.ar/empleos/1118028874.html,2025-10-31T13:24:43.055822
1118028865,13110602.0,Asistente Contable,Bumeran Selecta,"Empresa nacional líder en monitoreo y auditoría de medios de comunicación. Nos encontramos en la búsqueda de una Asistente Contable para sumarse al equipo del área de Adminitración Contable.La posición tiene como objetivo brindar soporte en las tareas contables y administrativas diarias, asegurando el orden, la precisión y el cumplimiento de los procesos internos. Conciliaciones bancarias y seguimiento de movimientos. Colaboración en balances trimestrales. Asistencia en la preparación de pagos y rendiciones. Registro de comprobantes en sistema contable. Colaboración en cierres mensuales y reportes administrativos. Archivo físico y digital de documentación contable. Conocimientos en sistema de gestión. Asistencia a la gerencia en administración. Requisitos: Estudiante de carreras afines: Contabilidad, Administración o afines. Experiencia mínima de 2 años en tareas contables o administrativas. Manejo de Excel intermedio. (se toma prueba). Conocimientos de sistemas contables (GECOM). No es excluyente. Perfil ordenado, responsable y con atención al detalle. Se valorará que la persona postulante resida en CABA, zona Retiro y aledaños por razones operativas. Beneficios Incorporación a un equipo dinámico y colaborativo. Posibilidad de desarrollo en el área administrativa-contable. Buen clima laboral y jornada de lunes a viernes.",False,"Capital Federal, Buenos Aires",Presencial,Full-time,31-10-2025,2025-10-31,2025-10-31T00:00:00-03:00,31-10-2025 12:08:32,,,31-10-2025 12:33:48,,,1,False,1,58,1,https://imgbum.jobscdn.com/portal/img/empresas/1/static/logoMainPic_13110602_bum_vab9a2cbb.jpg,True,False,3.67,10,Home,bumeran,home,False,False,True,,,https://www.bumeran.com.ar/empleos/1118028865.html,2025-10-31T13:24:43.055861
1118028870,13102297.0,Responsable de Administración y Finanzas,Noorten Consultora,"Estamos acompañando a GEMED en la búsqueda de un/a Responsable de Administración y Finanzas, que asegure el correcto funcionamiento de los procesos administrativos, contables y financieros de la empresa. Se trata de una posición operativa, organizada y multifuncional, orientada a garantizar el orden, la precisión y la continuidad de la gestión diaria. Buscamos una persona confiable, con criterio y autonomía, capaz de coordinar y ejecutar diversas tareas administrativas en simultáneo.Principales tareas Gestionar el circuito completo de facturación, cobranzas y pagos. Realizar conciliaciones bancarias, control de movimientos y flujo de fondos. Emitir órdenes de pago, cheques y retenciones impositivas. Registrar y controlar documentación en Tango Gestión, asegurando consistencia y trazabilidad. Preparar información contable y financiera para el estudio externo. Llevar el seguimiento de vencimientos impositivos y obligaciones fiscales. Administrar documentación aduanera y de importaciones, pólizas y cauciones. Supervisar inventarios y documentación de remitos. Preparar documentación para licitaciones y carpetas crediticias. Mantener comunicación fluida con bancos, proveedores y clientes. Elaborar reportes e informes periódicos para la Dirección.Perfil buscado Formación en Administración, Contabilidad o carreras afines (graduado/a o idóneo/a con experiencia equivalente). Experiencia mínima de 5 años en gestión administrativa integral. Dominio de Tango Gestión y Excel (excluyente). Persona ordenada, confiable y resolutiva, con capacidad para manejar distintos temas en paralelo. Valorable experiencia en comercio exterior o gestión de importaciones.Condiciones Jornada: Full time. Lugar de trabajo: Villa Martelli, Buenos Aires. Modalidad: Presencial.📬 Enviar CV indicando remuneración pretendida y experiencia en gestión administrativa integral.",False,"Villa Martelli, Buenos Aires",Presencial,Full-time,31-10-2025,2025-10-31,2025-10-31T00:00:00-03:00,31-10-2025 12:07:01,,,31-10-2025 12:07:01,,,1,False,1,22,1,,False,False,,1020,Aviso Talento,bumeran,talento,False,False,False,,,https://www.bumeran.com.ar/empleos/1118028870.html,2025-10-31T13:24:43.055919
1116718285,,Representante de Ventas Lomas De Zamora,Confidencial,"¡Unite a nuestro equipo!Somos una destacada Compañía Financiera en busca de un Representante de Ventas para nuestra sucursal ubicada en la ciudad de Lomas de Zamora . Si tenés pasión por las ventas y querés ser parte de un equipo dinámico, ¡te estamos buscando!¿Qué harás en esta posición? Contactarás clientes actuales y potenciales. Promocionarás y venderás nuestras variadas líneas de créditos a través de diversos canales: presencial en sucursal, telefónico, WhatsApp y redes sociales. Atenderás consultas sobre estados de cuenta y cuotas impagas. Realizarás recordatorios de pago para mantener las cuentas al día.¿Qué buscamos en vos? Experiencia sólida en ventas (¡el rubro no importa!). Habilidad para trabajar bajo presión y manejar grandes volúmenes de información. Orientación a objetivos y proactividad. Disponibilidad para trabajar de Lunes a Viernes de 9.00 a 17.00 y Sab de 9.00 a 13.00¿Qué ofrecemos? Relación de dependencia. Excelente clima laboral y un equipo colaborativo. Modalidad de trabajo 100% presencial en nuestra oficina.Si estás listo para un nuevo desafío y querés crecer con nosotros, ¡no dudes en postularte!¡Esperamos conocerte pronto!",True,"Lomas de Zamora, Buenos Aires",Presencial,Full-time,31-10-2025,2025-10-31,2025-10-31T00:00:00-03:00,31-10-2025 12:06:31,,,31-10-2025 12:06:31,,,1,False,6,35,1,,,,,70,Simples,bumeran,simple,False,False,True,,,https://www.bumeran.com.ar/empleos/1116718285.html,2025-10-31T13:24:43.055957
1118028864,13102297.0,"Analista Administrativo/a – Facturación, Cobros y Pagos (Part Time)",Noorten Consultora,"Estamos acompañando a GEMED, empresa dedicada a la provisión de equipamiento médico, en la búsqueda de un/a Analista Administrativo/a para incorporarse al área de Administración y Finanzas. La posición requiere una persona con experiencia comprobable en gestión administrativa-contable, dominio de Tango Gestión y autonomía para desenvolverse en una estructura profesional, cercana y dinámica. Es ideal para quienes estén avanzados en carreras de Contador Público o Administración de Empresas, y busquen una jornada part time (6 hs) que les permita continuar formándose sin dejar de asumir un rol operativo con responsabilidad.Principales tareas Facturación a clientes, emisión de notas de crédito y débito y control de documentación respaldatoria. Seguimiento de cobranzas, control de depósitos y registro de movimientos. Emisión de órdenes de pago, cheques y retenciones impositivas. Conciliaciones bancarias, análisis de cuentas corrientes y armado de cash flow financiero. Control y contabilización de documentación contable en Tango Gestión. Preparación y control de documentación aduanera, pólizas de seguros y cauciones vinculadas a importaciones. Gestión de remitos y coordinación de entregas de equipos. Seguimiento de vencimientos impositivos y apoyo al estudio contable externo. Preparación de documentación para licitaciones, carpetas crediticias y trámites bancarios. Comunicación fluida con proveedores, bancos, organismos públicos y clientes. Emisión de reportes e informes desde Tango Gestión para la Gerencia.Perfil buscado Estudiante avanzado/a o graduado/a de Contador Público o Administración de Empresas. Experiencia mínima de 2 años en funciones administrativas-contables integrales. Dominio de Tango Gestión y Excel (excluyente). Capacidad de autonomía, organización y confiabilidad en el manejo de información sensible. Perfil metódico, proactivo y con buena comunicación interpersonal.Condiciones Jornada: Part time (6 hs diarias) – posibilidad de full time a futuro. Lugar de trabajo: Villa Martelli, Buenos Aires. Modalidad: Presencial.📬 Enviar CV indicando nivel de estudios, experiencia con Tango y disponibilidad horaria.",False,"Villa Martelli, Buenos Aires",Presencial,Full-time,31-10-2025,2025-10-31,2025-10-31T00:00:00-03:00,31-10-2025 12:04:34,,,31-10-2025 12:04:34,,,1,False,1,22,1,,False,False,,1020,Aviso Talento,bumeran,talento,False,False,False,,,https://www.bumeran.com.ar/empleos/1118028864.html,2025-10-31T13:24:43.056025
1118028846,13055236.0,Chofer de Reparto - Zona Bahía Blanca,FR Francisco Ruzic & Asociados,"Para la sucursal Bahía Blanca de empresa de servicios que tiene su depósito ubicado sobre la Avenida Colón, iniciamos la búsqueda de Chofer de reparto, que tenga excelente predisposición hacia el cliente, preferentemente con registro de cargas peligrosas, experiencia en la posición de chofer repartidor, radicado en la zona.Principales tareas: efectuar el recorrido según hoja de ruta establecido entregando los pedidos en los domicilios asignados.Jornada laboral normal de 44 hs semanales de lunes a sábados requiriendo disponibilidad horaria hasta finalizar el recorrido.La Empresa ofrece incorporación directa, inmediata y efectiva con atractiva remuneración inicial más comisiones por ventas",False,"Bahía Blanca, Buenos Aires",Presencial,Full-time,31-10-2025,2025-10-31,2025-10-31T00:00:00-03:00,31-10-2025 11:50:42,,,31-10-2025 11:50:42,,,1,False,3,54,1,,False,False,5.0,1020,Aviso Talento,bumeran,talento,False,False,False,,,https://www.bumeran.com.ar/empleos/1118028846.html,2025-10-31T13:24:43.056053
1118028839,10143910.0,Asesor Comercial Plan de Ahorro,CAR ONE,"TODO LO QUE TE MUEVE EN UN MISMO LUGARPrimer Mega Dealer Automotriz de la Argentina. Creamos el concepto de auto Usado Garantizado en el país. 7 concesionarios -5 propios- de automóviles 0 km en el mismo predio.Somos un lugar, un punto geográfico donde encontrarás tu movilidad y todo para asisitir tu movilidad.Contamos con servicio de venta de auto usados garantizados, autos 0km, servicio de posventa, repuestos originales, accesorios, seguros, un banco, escribanía propia y Telepase para autopistas.Te brindamos Movilidad, Asistencia mecánica, Servicios al cliente, Servicios financieros .Iniciativa, Orientación al resultado, Excelencia en lo que hacemos, Orientación al cliente y Trabajo en equipo son los valores que compartimos y fomentamos. ¡Si te entusiasma la venta, y entre tus objetivos se halla la satisfacción del Cliente, te estamos buscando! Entre las responsabilidades del asesor se encuentran la optimización de los datos que se brindan para la concreción de la venta, la detección de oportunidades de nuevos negocios y el cumplimiento de objetivos comerciales.Valoramos experiencia en la venta de planes de ahorro y venta telefónica de productos intangibles. Nuestra búsqueda se orienta a personas proactivas, con marcado perfil comercial, aptitud para la negociación, buena presencia y dicción. Es importante contar con disponibilidad horaria.Encontrarás una organización en constante crecimiento con muy buen clima laboral e interesantes incentivos. Requisitos: Edad minima: 20Edad Maxima: 40Secundario completo Beneficios ️‍️ Descuento en Sport Club 50% en todos los talleres15% en Repuestos12 cuotas S/Interés Bridgestone/Firestone 30% Seguros de la Caja15% Planes Adjudicados30% Off Malcriado (Shopping Tom)Descuentos en SamsungDescuentos en Bimbo Comedor en planta",False,"Tortuguitas, Buenos Aires",Presencial,Full-time,31-10-2025,2025-10-31,2025-10-31T00:00:00-03:00,31-10-2025 11:46:54,,,31-10-2025 11:46:54,,,1,False,6,23,1,https://imgbum.jobscdn.com/portal/img/empresas/1/static/logoMainPic_10143910_bum_vd9fd673e.jpg,True,False,2.33,2001,Freemium,bumeran,freemium,False,False,False,,,https://www.bumeran.com.ar/empleos/1118028839.html,2025-10-31T13:24:43.056103
1118028830,,Administrativo,Confidencial,"Se busca personal administrativoImportante lavandería industrial de la ciudad de Mar del Plata se encuentra en la búsqueda de una persona para ocupar un puesto administrativo.Tareas principales: Carga y resguardo de documentación. Atención al cliente. Gestión de reclamos. Realización de gestiones internas y apoyo general al área administrativa.Requisitos (no excluyentes): Conocimientos en facturación y cuentas corrientes. Experiencia previa en tareas administrativas. Edad sugerida: entre 25 y 65 años.Buscamos una persona responsable, organizada y con buena predisposición para el trabajo en equipo.",True,"Mar del Plata, Buenos Aires",Presencial,Full-time,31-10-2025,2025-10-31,2025-10-31T00:00:00-03:00,31-10-2025 11:45:16,,,31-10-2025 11:51:01,,,1,False,1,22,1,,,,,70,Simples,bumeran,simple,False,False,True,,,https://www.bumeran.com.ar/empleos/1118028830.html,2025-10-31T13:24:43.056128
1118028833,10143910.0,Asesor Comercial Plan de Ahorro - Volkswagen,CAR ONE,"TODO LO QUE TE MUEVE EN UN MISMO LUGARPrimer Mega Dealer Automotriz de la Argentina. Creamos el concepto de auto Usado Garantizado en el país. 7 concesionarios -5 propios- de automóviles 0 km en el mismo predio.Somos un lugar, un punto geográfico donde encontrarás tu movilidad y todo para asisitir tu movilidad.Contamos con servicio de venta de auto usados garantizados, autos 0km, servicio de posventa, repuestos originales, accesorios, seguros, un banco, escribanía propia y Telepase para autopistas.Te brindamos Movilidad, Asistencia mecánica, Servicios al cliente, Servicios financieros .Iniciativa, Orientación al resultado, Excelencia en lo que hacemos, Orientación al cliente y Trabajo en equipo son los valores que compartimos y fomentamos. ¡Si te entusiasma la venta, y entre tus objetivos se halla la satisfacción del Cliente, te estamos buscando! Entre las responsabilidades del asesor se encuentran la optimización de los datos que se brindan para la concreción de la venta, la detección de oportunidades de nuevos negocios y el cumplimiento de objetivos comerciales.Valoramos experiencia en la venta de planes de ahorro y venta telefónica de productos intangibles. Nuestra búsqueda se orienta a personas proactivas, con marcado perfil comercial, aptitud para la negociación, buena presencia y dicción. Es importante contar con disponibilidad horaria.Encontrarás una organización en constante crecimiento con muy buen clima laboral e interesantes incentivos. Requisitos: Edad minima: 20Edad Maxima: 40Secundario completo Beneficios ️‍️ Descuento en Sport Club 50% en todos los talleres15% en Repuestos12 cuotas S/Interés Bridgestone/Firestone 30% Seguros de la Caja15% Planes Adjudicados30% Off Malcriado (Shopping Tom)Descuentos en SamsungDescuentos en Bimbo",False,"Vicente López, Buenos Aires",Presencial,Full-time,31-10-2025,2025-10-31,2025-10-31T00:00:00-03:00,31-10-2025 11:44:23,,,31-10-2025 11:44:23,,,1,False,6,23,1,https://imgbum.jobscdn.com/portal/img/empresas/1/static/logoMainPic_10143910_bum_vd9fd673e.jpg,False,False,2.33,2001,Freemium,bumeran,freemium,False,False,False,,,https://www.bumeran.com.ar/empleos/1118028833.html,2025-10-31T13:24:43.056177
1118028825,,Operador de Laminadora e Impresoras Flexográficas – Planta Pilar,Confidencial,"Nos encontramos en la búsqueda de un Operador con experiencia en Laminadora Uteco Solvent Less y máquinas impresoras flexográficas de 6 a 10 colores, para incorporarse a nuestro equipo de producción en la planta industrial de Pilar.🧩 Principales responsabilidadesOperar laminadoras Uteco Solvent Less asegurando la calidad del proceso productivo.Manejar impresoras flexográficas de 6 a 10 colores.Realizar controles de proceso y de calidad del material impreso.Colaborar en tareas de mantenimiento básico y limpieza de equipos.Cumplir con los estándares de seguridad e higiene establecidos por la compañía.🧰 RequisitosExperiencia comprobable en laminadoras Uteco Solvent Less y equipos flexográficos multicolor (6 a 10 colores).Conocimientos en control de calidad y procesos productivos.Capacidad para trabajar en entornos industriales dinámicos y con precisión técnica.Disponibilidad para horarios rotativos de 8 horas (de lunes a sábados hasta las 13 hs).Residencia en zonas cercanas a Pilar o con movilidad para acceder a la planta.💼 Lugar de trabajo: Planta Industrial – Pilar.",True,"Pilar, Buenos Aires",Presencial,Full-time,31-10-2025,2025-10-31,2025-10-31T00:00:00-03:00,31-10-2025 11:42:08,,,31-10-2025 11:42:08,,,1,False,16,32,1,,,,,70,Simples,bumeran,simple,False,False,False,,,https://www.bumeran.com.ar/empleos/1118028825.html,2025-10-31T13:24:43.056220
2167508,534231.0,Abogado/a Junior Derecho Laboral,"Marval, O´Farrell & Mairal","Marval O’Farrell Mairal es el estudio jurídico líder en el país con reconocimiento a nivel mundial, asesorando hace más de 100 años a empresas multinacionales e instituciones internacionales, en asuntos de alto grado de exigencia y complejidad. Buscamos construir un lugar de trabajo de excelencia, innovador, con programas de eficiencia y prácticas que fomentan al equilibrio y bienestar de nuestros profesionales. Marval O’Farrell Mairal es el estudio jurídico líder en el país con reconocimiento a nivel mundial, asesorando hace más de 100 años a empresas multinacionales e instituciones internacionales, en asuntos de alto grado de exigencia y complejidad. Buscamos construir un lugar de trabajo de excelencia, innovador, con programas de eficiencia y prácticas que fomentan al equilibrio y bienestar de nuestros profesionales. Nos encontramos en la búsqueda de un Abogado/a Junior para sumar al equipo de Derecho Laboral del estudio. Requisitos: Estudiante graduado de la carrera de Abogacía. Nivel de Inglés avanzado. Buscamos una persona proactiva, comprometida, con atención al detalle y destacadas habilidades de comunicación y trabajo en equipo, con ganas de aprender y crecer en un entorno dinámico y desafiante. Beneficios Modelo de trabajo híbrido. Vacaciones: Se contabilizarán como días hábiles. ‍️ Marval Day: Contás con media jornada libre al mes. ️‍️ WellHub (GymPass) – Plan Gold Curso de perfeccionamiento de Inglés Beneficios exclusivos con Banco Galicia Frutas y snacks en la oficina. ‍️ Torneos de Fútbol, Padel y Running Team Lactario y Licencia extendida por paternidad Estacionamiento para Bicicletas y monopatines ¿Qué te ofrecemos?Formar parte de una organización en constante crecimiento, con un ambiente dinámico, colaborativo y enfocado en el desarrollo profesional de cada integrante. Valoramos la diversidad y la inclusión como pilares fundamentales para la construcción de equipos innovadores y eficientes. Fomentamos una cultura organizacional en la que cada persona es reconocida por su talento y potencial, asegurando condiciones de equidad y transparencia en todos nuestros procesos de selección.Si cumplís con estos requisitos y estás listo/a para el desafío, ¡te estamos esperando, súmate a Marval O´Farrell Mairal!",False,"Capital Federal, Buenos Aires",Híbrido,Full-time,31-10-2025,2025-10-31,2025-10-31T00:00:00-03:00,31-10-2025 12:30:14,,,31-10-2025 12:30:14,,,1,True,13,28,1,https://imgzj.jobscdn.com/portal/img/empresas/1/static/logoMainPic_534231_bum_vb7851e50.jpg,False,False,,2001,Freemium,zonajobs,zonajobs,False,False,False,,,https://www.bumeran.com.ar/empleos/2167508.html,2025-10-31T13:24:43.056284
1118028821,13429989.0,Vendedor Sr técnico industrial B2B Córdoba,bahco,"SNA-E Argentina, Empresa industrial multinacional líder en su rubro con las marcas BAHCO e IRIMO y más de 60 años en el mercado argentino busca:Ejecutivo Sr de ventas técnico-comerciales con base en Córdoba con disponibilidad para viajes permanentes (50/60% del tiempo) para cubrir el canal B2B. Será responsable de la venta a Distribuidores Mayoristas Industriales e Industrias críticas . La posición reporta al Gerente Nacional de VentasMisión: Cumplir con el Plan de Negocio, garantizando los objetivos de facturación y crecimiento anuales, asegurando los márgenes de rentabilidad, desarrollando propuestas comerciales a partir del análisis de las necesidades de los clientes‍ Principales responsabilidades: Impulsar el crecimiento de las cuentas a su cargo y desarrollar nuevos Clientes Participar en la elaboración de las proyecciones comerciales Presupuestar y dar seguimiento a las propuestas hasta su aprobación. Articular con el área de logística y distribución asegurando la plena satisfacción del cliente Brindar un asesoramiento y realizar presentaciones y capacitaciones de productos Buscar potenciales nichos de mercado para las distintas líneas de productos. Organizar la agenda de visitas periódicas a los clientes. Mantener actualizado el CRM con toda la información de los clientes, visitas, ventas realizadas, información de mercado y potenciales oportunidades de negocios. Presentar el reporte mensual del resultado de ventasPerfil deseado:Experiencia en ventas del canal B2B comprobable (no menor a 5 años).Capacidad analítica, lectura e interpretación de tableros de control comercialesBuen manejo de herramientas informáticas (Excel intermedio/avanzado), CRMSecundario técnico (deseable)Formación vinculada con Comercialización / Marketing.Es fundamental un excelente manejo de las relaciones interpersonales tanto con el cliente externo como con los equipos internos.Sexo: Indistinto Edad: IndistintaSe ofrece:Puesto permanenteRelación de dependencia (exclusividad con la marca, no viajante)Sueldo Fijo + Variable por objetivosPrepaga de primer nivel para todo el grupo familiarViáticos están a cargo de la empresa",False,"Córdoba, Córdoba",Presencial,Full-time,31-10-2025,2025-10-31,2025-10-31T00:00:00-03:00,31-10-2025 11:40:59,,,31-10-2025 11:40:59,,,1,True,6,35,1,,False,False,,10,Home,bumeran,home,False,True,False,,,https://www.bumeran.com.ar/empleos/1118028821.html,2025-10-31T13:24:43.056341
1118028815,13429989.0,Vendedor Sr técnico industrial B2B Buenos Aires,bahco,"SNA-E Argentina, Empresa industrial multinacional líder en su rubro con las marcas BAHCO e IRIMO y más de 60 años en el mercado argentino busca:Ejecutivo Sr de ventas técnico-comerciales con base en Buenos Aires con disponibilidad para viajes permanentes (50/60% del tiempo) para cubrir el canal B2B. Será responsable de la venta a Distribuidores Mayoristas Industriales e Industrias críticas . La posición reporta al Gerente Nacional de VentasMisión: Cumplir con el Plan de Negocio, garantizando los objetivos de facturación y crecimiento anuales, asegurando los márgenes de rentabilidad, desarrollando propuestas comerciales a partir del análisis de las necesidades de los clientes‍ Principales responsabilidades: Impulsar el crecimiento de las cuentas a su cargo y desarrollar nuevos Clientes Participar en la elaboración de las proyecciones comerciales Presupuestar y dar seguimiento a las propuestas hasta su aprobación. Articular con el área de logística y distribución asegurando la plena satisfacción del cliente Brindar un asesoramiento y realizar presentaciones y capacitaciones de productos Buscar potenciales nichos de mercado para las distintas líneas de productos. Organizar la agenda de visitas periódicas a los clientes. Mantener actualizado el CRM con toda la información de los clientes, visitas, ventas realizadas, información de mercado y potenciales oportunidades de negocios. Presentar el reporte mensual del resultado de ventasPerfil deseado:Experiencia en ventas del canal B2B comprobable (no menor a 5 años).Capacidad analítica, lectura e interpretación de tableros de control comercialesBuen manejo de herramientas informáticas (Excel intermedio/avanzado), CRMSecundario técnico (deseable)Formación vinculada con Comercialización / Marketing.Es fundamental un excelente manejo de las relaciones interpersonales tanto con el cliente externo como con los equipos internos.Sexo: Indistinto Edad: IndistintaSe ofrece:Puesto permanenteRelación de dependencia (exclusividad con la marca, no viajante)Sueldo Fijo + Variable por objetivosPrepaga de primer nivel para todo el grupo familiarViáticos están a cargo de la empresa",False,"Capital Federal, Buenos Aires",Presencial,Full-time,31-10-2025,2025-10-31,2025-10-31T00:00:00-03:00,31-10-2025 11:36:06,,,31-10-2025 11:38:48,,,1,True,6,35,1,,False,False,,10,Home,bumeran,home,False,True,True,,,https://www.bumeran.com.ar/empleos/1118028815.html,2025-10-31T13:24:43.056438
1118028792,413550.0,Analista de Aseguramiento de Calidad (ind. Farmacéutica- Eventual),HuCap,"Para laboratorio ubicado en el barrio de Pompeya requerimos estudiante avanzado o recientemente graduado de carreras tales como Farmacia, Biotecnología o carreras afines.La posición iniciará con un contrato formal de 6 a 9 meses con posibilidad de incorporación a la empresa.La posición tendrá a cargo evaluar los procesos internos, identificar posibles áreas de mejora y proponer soluciones efectivas para optimizar la calidad de nuestros productos. Además, serás responsable de implementar protocolos de revisión, documentación, validación y supervisar el cumplimiento de las normas establecidas en materia de calidad.Buscamos un profesional proactivo, con habilidades analíticas y capacidad para trabajar en equipo. La modalidad de trabajo es presencial, en un ambiente dinámico que fomenta la colaboración y el desarrollo profesional. Si te apasiona la calidad y buscas un desafío donde puedas aportar valor y crecer profesionalmente, ¡te estamos esperando!Requisitos Estudiante avanzado o recientemente graduado de carreras tales como Farmacia, Biotecnología o carreras afines Inglés Intermedio Al menos 3 años de experiencia en posiciones de garantía de calidad, documentación, validación en laboratorios.Si la propuesta es de tu interés , ¡Aguardamos tu postulación! Equipo HuCap",False,"Capital Federal, Buenos Aires",Híbrido,Full-time,31-10-2025,2025-10-31,2025-10-31T00:00:00-03:00,31-10-2025 11:25:16,,,31-10-2025 12:02:19,,,1,False,16,84,1,https://imgbum.jobscdn.com/portal/img/empresas/1/static/logoMainPic_413550_bum_vd6162bb4.jpg,False,False,3.0,1020,Aviso Talento,bumeran,talento,False,False,True,,,https://www.bumeran.com.ar/empleos/1118028792.html,2025-10-31T13:24:43.056477
1118028918,13167445.0,COMPRADOR Ssr.,Bagala S.A.,"Empresa de servicios de catering gastronómico ubicada en el barrio de Mataderos, busca comprador/a Ssr. con experiencia comprobable, dentro del rubro.Fundamental tener experiencia comprobable en compras de gran caudal con gestion polirubrica.Requisitos:- Estudios terciarios / universitarios en carreras afines (Comercio exterior, Administración de empresas, comercialización, etc).- Experiencia mínima de 4 años (excluyente). Valoramos que sea dentro del rubro de servicios gastronómicos de catering a gran escala.- Sólido dominio del paquete Office, principalmente Excel.- Conocimientos comprobables en negociación, búsqueda de precios, análisis de gastos y costos.- Manejo del sistema Polaris (No excluyente).Sus funciones serán:- Activar compras.- Armar presupuestos.- Participar en el proceso de abastecimiento de insumos.- Efectuar contrataciones de servicios.- Emitir órdenes de compra.- Realizar el seguimiento de las compras realizadas: desde su gestión inicial, ingreso al depósito y efectivo pago de las mismas.- Buscar nuevos proveedores con la finalidad de lograr la mejor relación calidad-precio-condición comercial.- Confeccionar la documentación cumplimentando con las normas ISO.Nos orientamos a personas analíticas, proactivas, con capacidad de negociar. Valoramos el trabajo en equipo y la autonomía.Ofrecemos:- Relación de dependencia con contrato de trabajo por tiempo indeterminado.- Jornada full time, 100% presencial de lunes a viernes de 8:30 a 17:30hs.- Comedor en planta sin costo.Te brindamos la oportunidad que desarrolles tus conocimientos en una empresa con más de 5 0 años de trayectoria en el rubro.¡Esperamos tu postulación!",False,"Capital Federal, Buenos Aires",Presencial,Full-time,31-10-2025,2025-10-31,2025-10-31T00:00:00-03:00,31-10-2025 12:41:06,,,31-10-2025 12:41:15,,,1,False,3,56,1,https://imgbum.jobscdn.com/portal/img/empresas/1/static/logoMainPic_13167445_bum_v8b74ed4b.jpg,False,False,,2018,Conecta_AR_VE,bumeran,destacado,True,False,True,,,https://www.bumeran.com.ar/empleos/1118028918.html,2025-10-31T13:24:43.056520
1118028787,945060.0,ANALISTA DE CONTABILIDAD E IMPUESTOS - VICENTE LOPEZ,Asoko Tempo SA,"Nos encontramos en la búsqueda de un Analista de Contabilidad e Impuestos para sumarse al equipo de Administración y Finanzas de importante empresa ubicada en la zona de Vicente López.🚀Principales tareas: Registrar y conciliar operaciones contables. Elaborar y revisar cierres contables mensuales, incluyendo análisis de cuentas, sumas y saldos. Preparar balances e informes financieros. Preparar, revisar y dar seguimiento a declaraciones juradas impositivas (IVA, IG, IIBB, retenciones y percepciones). Controlar el cumplimiento y pago en término de todas las obligaciones fiscales nacionales y provinciales. Colaborar en la programación y ejecución de pagos de impuestos y organismos de control. Atender requerimientos de organismos fiscales y dar soporte a auditores externos y estudios contables. Proponer mejoras en procesos administrativos-contables.🎓Requisitos para la posición: Graduado o Estudiante avanzado de Contador Público. Experiencia mínima de 3 años en posiciones similares. Manejo de sistemas de gestión. Conocimiento sólido en temas contables e impositivos. Excel avanzado. Perfil ordenado, metódico, responsable, orientado al cumplimiento de objetivos y al trabajo en equipo. Residir en Vicente Lopez o barrios cercanos.⏰Horario: full time de lunes a viernes👉Modalidad: 100 % presencial.📍Lugar de trabajo: Vicente López💼Se ofrece: sueldo + prepaga ingreso inmeidato, directo por empresaPostulate!!!",False,"Vicente López, Buenos Aires",Presencial,Full-time,31-10-2025,2025-10-31,2025-10-31T00:00:00-03:00,31-10-2025 11:22:50,,,31-10-2025 11:27:34,,,1,False,1,58,1,https://imgbum.jobscdn.com/portal/img/empresas/1/static/logoMainPic_945060_bum_v5125d27a.jpg,True,False,3.27,70,Simples,bumeran,simple,False,False,False,,,https://www.bumeran.com.ar/empleos/1118028787.html,2025-10-31T13:24:43.056568
2167506,657331.0,Analista SSr de Comunicación Copywriter,Hanseatica Compañía de Seguros,"Hanseatica, una de las aseguradoras líderes en Latinoamérica en seguros de transporte, ofrece seguros integrales diseñados para proteger lo que más valoran las empresas y las personas, ofreciendo soluciones que garantizan la protección de sus activos, fortalecen su capacidad para enfrentar imprevistos y ayudan a construir un futuro más seguro y próspero.Las soluciones que ofrece se adaptan a las necesidades específicas de cada cliente, e incluyen: seguros de transporte de mercaderías, seguros de contenedores, seguros de cascos de embarcaciones comerciales, seguros integrales de consorcios y comercios, seguros de responsabilidad civil, seguros contra incendios, seguros técnicos, seguros de caución, seguro de embarcaciones de placer y seguros combinado familiar. Estamos sumando talento al equipo de Marketing de Hanseatica En Hanseatica, compañía aseguradora líder en soluciones para empresas en constante evolución, buscamos una persona apasionada por las palabras, con pensamiento estratégico y sensibilidad por el lenguaje. Queremos sumar a alguien que domine el arte del copywriting y del UX writing, y que sepa transformar conceptos técnicos en mensajes claros, relevantes y con impacto real. La persona que ocupe este rol será clave para potenciar el posicionamiento de nuestra marca en diferentes países de Latinoamérica, alineado con nuestra identidad verbal y los nuevos entornos de visibilidad en inteligencia artificial. ¿Qué vas a hacer? Diseñar y redactar mensajes clave para múltiples canales y públicos: emails, campañas, landing pages, redes sociales, prensa, contenidos institucionales, guiones, ebooks, presentaciones, entre otros. Impulsar la visibilidad de Hanseatica en buscadores (SEO/AEO) y motores de IA, aplicando buenas prácticas de redacción semántica. Desarrollar y actualizar perfiles digitales de voceros y referentes de la compañía. Idear contenidos técnicos y educativos sobre seguros de transporte, comercio exterior, logística y otros ramos estratégicos. Adaptar y corregir textos generados por otras áreas, asegurando consistencia con nuestra voz de marca. Colaborar con equipos de diseño, PR, performance y estrategia en campañas integradas. Requisitos: ¿Qué buscamos? Graduado/a en Comunicación, Periodismo, Letras, Publicidad o afines. Experiencia de 2 a 3 años en roles similares. Inglés avanzado (excluyente). Excelente redacción técnica y creativa. Conocimiento y experiencia práctica comprobable en el uso de herramientas de IA (ChatGPT, Gemini, Claude, entre otros.), y capacidad para diseñar prompts efectivos. Conocimiento y experiencia práctica comprobable en la implementación de estrategias de SEO/AEO, performance marketing, redes sociales y herramientas de colaboración. Deseable: experiencia previa en aseguradoras, logística o comercio exterior. Beneficios ¿Qué ofrecemos? Plan de formación continua y oportunidades reales de crecimiento. Entorno dinámico, profesional y colaborativo. Remuneración competitiva. ️ Almuerzo en la oficina a cargo de la empresa. Snacks saludables y café libre. Día de cumpleaños libre. ‍️ Pausas activas y bienestar laboral. Modalidad híbrida 3x2 (onboarding 100% presencial). En Hanseatica creemos en la comunicación que inspira, informa y transforma. Si sentís que esta búsqueda es para vos, esperamos tu postulación",False,"Capital Federal, Buenos Aires",Híbrido,Full-time,31-10-2025,2025-10-31,2025-10-31T00:00:00-03:00,31-10-2025 12:13:56,,,31-10-2025 12:13:56,,,1,True,14,30,1,,False,False,,2001,Freemium,zonajobs,zonajobs,False,False,False,,,https://www.bumeran.com.ar/empleos/2167506.html,2025-10-31T13:24:43.056654
2167262,677698.0,Formador/a Técnico/a Comercial,R&P S. A. S.,"Formador/a Técnico/a ComercialResumen del PuestoBuscamos una Formadora Comercial / Trainer Técnica con vocación docente y perfil comercial para representar una marca internacional de cosmética profesional. Su principal misión será formar, asesorar y acompañar a los centros de estética y profesionales, combinando conocimientos técnicos con una actitud comercial proactiva.No se requiere trabajo de oficina: la posición implica movilidad para visitas a clientes, capacitaciones y eventos dentro del país.Responsabilidades Visitar centros de estética para capacitar a profesionales. Brindar asesoramiento técnico-comercial sobre productos y tratamientos. Desarrollar y presentar materiales de capacitación. Brindar soporte a las acciones comerciales, demostraciones y eventos de fidelización. Elaborar reportes de gestión y seguimiento de clientes. Colaborar con el equipo de marketing y ventas en lanzamientos de productos y campañas promocionales.Requisitos Formación en Estética, Cosmetología, Dermocosmética o carreras afines. Conocimiento técnico de productos y tratamientos estéticos. Excelentes habilidades de comunicación y presentación. Disponibilidad para viajar. Capacidad para trabajar de forma independiente y como parte de un equipo. Perfil comercial, proactivo/a y con orientación a resultados. Mobilidad propia.",False,"Capital Federal, Buenos Aires",Presencial,Full-time,31-10-2025,2025-10-31,2025-10-31T00:00:00-03:00,31-10-2025 11:57:27,,,31-10-2025 11:57:27,,,1,False,6,23,1,,,,,2001,Freemium,zonajobs,zonajobs,False,False,False,,,https://www.bumeran.com.ar/empleos/2167262.html,2025-10-31T13:24:43.056695
1118028957,13419591.0,Ayudante de Panadería,PANIFICADORA MAURI,"Ayudante de PanaderíaResumen del PuestoEstamos buscando un Ayudante de Panadería dinámico y proactivo con vocación de servicio para unirse a nuestro equipo. El candidato ideal deberá participar en el proceso de producción, preparación y amasado de bollería, galletería, etc.ResponsabilidadesParticipar en el proceso de producción de pan y otros productos de panadería.Preparar ingredientes y amasar la masa.Hornear productos de panadería.Limpiar y mantener el equipo y las áreas de trabajo.Seguir las recetas y los procedimientos de seguridad alimentaria.RequisitosExperiencia previa como ayudante de panadería (deseable).Conocimiento de los procesos de producción de pan y otros productos de panadería.Capacidad para trabajar en un entorno de ritmo rápido.Excelentes habilidades de comunicación y trabajo en equipo.Dinamismo, proactividad y vocación de servicio.",False,"San Juan, San Juan",Presencial,Full-time,31-10-2025,2025-10-31,2025-10-31T00:00:00-03:00,31-10-2025 13:00:40,,,31-10-2025 13:00:40,,,1,False,10,2350,1,,False,False,,2001,Freemium,bumeran,freemium,False,False,False,,,https://www.bumeran.com.ar/empleos/1118028957.html,2025-10-31T13:24:43.056726
1118028932,2073200.0,Staff Accountant (Inventory),GI GROUP Argentina,"Tu futuro, nuestra pasión.Somos una consultora de Recursos Humanos de origen italiano con más de 15 años en el país. Aportamos valor en la selección y tercerización responsable de recursos humanos.Trabajamos con empresas de primera línea, generalmente internacionales, buscando perfiles profesionales, técnicos y de alta gerencia. Proveemos servicios de seleccón, personal eventual y tercerización. Somos #SIMPLES / HUMANOS / EXPERTOSVÁLIDO PARA NUESTROS AVISOS EN CIUDAD DE BUENOS AIRES:Búsqueda laboral equitativa. El empleador solo podrá solicitarle la información estrictamente necesaria para el desempeño en el trabajo que se ofrece (Ley 6471). We are looking for a Staff Accountant with strong inventory accounting expertise to join the Finance team at Rip Van company. In this role, you will be responsible for ensuring the accuracy, integrity, and completeness of all inventory-related financial data within NetSuite. You’ll serve as the bridge between Finance and Operations, supporting daily inventory transactions, reconciliations, and month-end close processes. This position is ideal for someone who thrives in a dynamic, fast-paced environment and enjoys combining analytical thinking with operational execution. You’ll play a key role in maintaining accurate financial records, identifying and resolving discrepancies, and contributing to the overall efficiency and reliability of our accounting processes. What you will do:Inventory Management: Collaborate with the Operations Team to maintain accurate inventory records. Implement best practices for inventory control and management. Inventory Reconciliation: Carry out regular reconciliations to ensure accuracy between physical inventory count and NetSuite records. Track all inventory discrepancies to analyze root causes and take preventive/corrective actions.NetSuite Expertise: Manage and oversee all NetSuite Inventory-related activities. Ensure the accuracy and integrity of Inventory financial data entered into NetSuite. Generate and review financial reports to provide insights and support decision-making.Additional Accounting Functions: Assist with month-end and year-end closing procedures. Prepare journal entries and account reconciliations. Participate in financial analysis and special projects as required. Requisitos: English knowledge. Bachelor's degree in Accounting, Finance, or related field. CPA or progress toward CPA certification is a plus. 3–5 years of demonstrated experience in Staff Accounting, with a focus on inventory accounting. In-depth knowledge of NetSuite and proficiency in other accounting software preferred. Advanced MS Excel/Google Sheets skills including Vlookups and pivot tables. Excellent understanding of inventory accounting principles. Strong analytical skills and attention to detail. Ability to work independently and collaborate effectively in a remote team. Excellent communication and interpersonal skills. Highly organized with the ability to meet deadlines and prioritize tasks. Strong problem-solving and decision-making abilities. Beneficios Remote work (in person twice a month) Paid in USD Medical coverage (OSDE 210 for employee, spouse and dependents) 3 weeks of paid vacation Be part of a mission-driven company that's making a real difference, work with a passionate and collaborative team, opportunity to grow and develop your skills in a fast-paced environment.",False,"Capital Federal, Buenos Aires",Remoto,Full-time,31-10-2025,2025-10-31,2025-10-31T00:00:00-03:00,31-10-2025 12:55:45,,,31-10-2025 12:55:45,,,1,False,1,58,1,https://imgbum.jobscdn.com/portal/img/empresas/1/static/logoMainPic_2073200_bum_v6d4c351c.jpg,True,False,3.35,70,Simples,bumeran,simple,False,False,True,,,https://www.bumeran.com.ar/empleos/1118028932.html,2025-10-31T13:24:43.056807
2167511,677727.0,REPARTIDOR / CHOFER,enercruz,SE NECESITAS REPARTIDOR / CHOFER PARA ENTREGA DE MERCADERIA.ARMADO DE PEDIDOS Y TAREAS VARIAS DE DISTRIBUIDORA.INDISPENSABLE REGISTRO DE CONDUCIR VIGENTE.SE NECESITAS REPARTIDOR / CHOFER PARA ENTREGA DE MERCADERIA.ARMADO DE PEDIDOS Y TAREAS VARIAS DE DISTRIBUIDORA.INDISPENSABLE REGISTRO DE CONDUCIR VIGENTE.,False,"Capital Federal, Buenos Aires",Presencial,Full-time,31-10-2025,2025-10-31,2025-10-31T00:00:00-03:00,31-10-2025 13:03:18,,,31-10-2025 13:03:18,,,1,False,6,23,1,,,,,70,Avisos Classic,zonajobs,zonajobs,False,True,False,,,https://www.bumeran.com.ar/empleos/2167511.html,2025-10-31T13:24:43.056825
1118028955,409400.0,Analista Ssr. Planeamiento y Control de Gestión,Swiss Medical,"En Swiss Medical trabajamos cada día para que las personas vivan más y mejor. Más de 4 millones de personas confían en nosotros y, detrás de cada historia, hay un equipo de más de 15.000 colaboradores que elige todos los días cuidar, acompañar y transformar vidas.Para seguir impactando positivamente en la vida de más personas, buscamos sumar un Analista Ssr. Planeamiento y Control de Gestión para la Gerencia de Ecco Buenos Aires.🔍 Responsabilidades Participación en el proceso de cierre contable mensual. Análisis del EERR, armado de asientos contables. Interacción con las diferentes áreas para asegurar la integridad de la información para la confección del informe de gestión. Confección de informes de gestión. Armado de rentabilidades por línea de negocio, por cliente. Asegurar la integridad y exactitud de la información brindada a otros sectores de la organización. Participar en las reuniones de gestión mensuales de las sucursales.🎯 Requisitos Estudiante intermedio/avanzado de las carreras de: Contador Público, Administración de Empresas y/o Economía. Manejo avanzado de Excel. Experiencia mínima de 1 a 2 años en tareas contables y/o planeamiento y Control de Gestión. Conocimientos de SAP y Power BI. (Deseable).💫 Beneficios🤝 Posibilidades de desarrollo en una compañía líder, que se encuentra en constante crecimiento y expansión.📚 Descuentos en Universidades.💌 Valores preferenciales en productos propios (Seguros de automotor, caución, hogar, etc )🏋️‍♀️🏋️‍♂️ Acceso a WELLHUB Plataforma de bienestar: fitness, mindfulness, nutrición y mucho más para vos!🎁 Beneficios y descuentos en marcas de primera línea (productos de primera necesidad, electrodomésticos y tecnología)📍 Horario y lugar de trabajo: lunes a viernes de 08 a 17hs CABA.🚀 Sumate a una compañía que trabaja todos los días para que millones de personas vivan más y mejor.",False,"Capital Federal, Buenos Aires",Híbrido,Full-time,31-10-2025,2025-10-31,2025-10-31T00:00:00-03:00,31-10-2025 12:59:39,,,31-10-2025 12:59:39,,,1,False,1,2596,1,https://imgbum.jobscdn.com/portal/img/empresas/1/static/logoMainPic_409400_bum_v26940a0e.jpg,False,False,,40,Destacados,bumeran,destacado,True,False,False,,,https://www.bumeran.com.ar/empleos/1118028955.html,2025-10-31T13:24:43.056902
